"","REGION","POS","REF","ALT","REF_DP","REF_RV","REF_QUAL","ALT_DP","ALT_RV","ALT_QUAL","ALT_FREQ","TOTAL_DP","PVAL","PASS","GFF_FEATURE","REF_CODON","REF_AA","ALT_CODON","ALT_AA","tool","sample","method","filename"
"1","K03455.1_HXB2",176,"A","G",17943,9136,58,2,1,65,0.000111452,17945,0.248979,FALSE,NA,NA,NA,NA,NA,"RUMINA","final_amplicon_reads_v2_PCR13_subs12M_fixOK","acyclic","RUMINA_8_threads.acyclic_0_None.tsv"
"2","K03455.1_HXB2",250,"T","A",25497,13847,49,3,2,37,0.000117647,25500,0.999998,FALSE,NA,NA,NA,NA,NA,"RUMINA","final_amplicon_reads_v2_PCR13_subs12M_fixOK","acyclic","RUMINA_8_threads.acyclic_0_None.tsv"
"3","K03455.1_HXB2",413,"C","T",28188,9700,50,3,2,55,0.000106417,28191,0.124278,FALSE,NA,NA,NA,NA,NA,"RUMINA","final_amplicon_reads_v2_PCR13_subs12M_fixOK","acyclic","RUMINA_8_threads.acyclic_0_None.tsv"
"4","K03455.1_HXB2",527,"A","C",26683,10886,50,29,14,53,0.00108565,26712,1.733e-09,TRUE,NA,NA,NA,NA,NA,"RUMINA","final_amplicon_reads_v2_PCR13_subs12M_fixOK","acyclic","RUMINA_8_threads.acyclic_0_None.tsv"
"5","K03455.1_HXB2",574,"T","C",26694,11437,50,26,11,39,0.000973054,26720,0.548767,FALSE,NA,NA,NA,NA,NA,"RUMINA","final_amplicon_reads_v2_PCR13_subs12M_fixOK","acyclic","RUMINA_8_threads.acyclic_0_None.tsv"
"6","K03455.1_HXB2",714,"C","A",27105,10845,50,284,123,51,0.0103691,27389,7.83602e-87,TRUE,NA,NA,NA,NA,NA,"RUMINA","final_amplicon_reads_v2_PCR13_subs12M_fixOK","acyclic","RUMINA_8_threads.acyclic_0_None.tsv"
"7","K03455.1_HXB2",747,"A","G",27049,10653,52,261,95,52,0.00955694,27310,7.54286e-80,TRUE,NA,NA,NA,NA,NA,"RUMINA","final_amplicon_reads_v2_PCR13_subs12M_fixOK","acyclic","RUMINA_8_threads.acyclic_0_None.tsv"
"8","K03455.1_HXB2",795,"T","A",27119,10725,55,26,8,61,0.000957819,27145,1.39456e-08,TRUE,NA,NA,NA,NA,NA,"RUMINA","final_amplicon_reads_v2_PCR13_subs12M_fixOK","acyclic","RUMINA_8_threads.acyclic_0_None.tsv"
"9","K03455.1_HXB2",852,"A","G",35914,20152,52,369,198,52,0.0101701,36283,1.36637e-112,TRUE,NA,NA,NA,NA,NA,"RUMINA","final_amplicon_reads_v2_PCR13_subs12M_fixOK","acyclic","RUMINA_8_threads.acyclic_0_None.tsv"
"10","K03455.1_HXB2",176,"A","G",17942,9117,58,2,1,65,0.000111458,17944,0.248979,FALSE,NA,NA,NA,NA,NA,"RUMINA","final_amplicon_reads_v2_PCR13_subs12M_fixOK","directional","RUMINA_8_threads.directional_0_None.tsv"
"11","K03455.1_HXB2",250,"T","A",25496,13845,49,3,2,37,0.000117652,25499,0.999998,FALSE,NA,NA,NA,NA,NA,"RUMINA","final_amplicon_reads_v2_PCR13_subs12M_fixOK","directional","RUMINA_8_threads.directional_0_None.tsv"
"12","K03455.1_HXB2",413,"C","T",28189,9699,50,3,2,55,0.000106413,28192,0.124284,FALSE,NA,NA,NA,NA,NA,"RUMINA","final_amplicon_reads_v2_PCR13_subs12M_fixOK","directional","RUMINA_8_threads.directional_0_None.tsv"
"13","K03455.1_HXB2",527,"A","C",26682,10882,50,29,14,53,0.0010857,26711,1.73299e-09,TRUE,NA,NA,NA,NA,NA,"RUMINA","final_amplicon_reads_v2_PCR13_subs12M_fixOK","directional","RUMINA_8_threads.directional_0_None.tsv"
"14","K03455.1_HXB2",574,"T","C",26693,11434,50,26,11,39,0.00097309,26719,0.548714,FALSE,NA,NA,NA,NA,NA,"RUMINA","final_amplicon_reads_v2_PCR13_subs12M_fixOK","directional","RUMINA_8_threads.directional_0_None.tsv"
"15","K03455.1_HXB2",714,"C","A",27106,10847,50,284,123,51,0.0103687,27390,7.83642e-87,TRUE,NA,NA,NA,NA,NA,"RUMINA","final_amplicon_reads_v2_PCR13_subs12M_fixOK","directional","RUMINA_8_threads.directional_0_None.tsv"
"16","K03455.1_HXB2",747,"A","G",27050,10654,52,261,95,53,0.00955659,27311,7.57934e-80,TRUE,NA,NA,NA,NA,NA,"RUMINA","final_amplicon_reads_v2_PCR13_subs12M_fixOK","directional","RUMINA_8_threads.directional_0_None.tsv"
"17","K03455.1_HXB2",795,"T","A",27118,10724,55,26,8,61,0.000957854,27144,1.39456e-08,TRUE,NA,NA,NA,NA,NA,"RUMINA","final_amplicon_reads_v2_PCR13_subs12M_fixOK","directional","RUMINA_8_threads.directional_0_None.tsv"
"18","K03455.1_HXB2",852,"A","G",35883,20122,52,371,200,51,0.0102334,36254,3.32605e-113,TRUE,NA,NA,NA,NA,NA,"RUMINA","final_amplicon_reads_v2_PCR13_subs12M_fixOK","directional","RUMINA_8_threads.directional_0_None.tsv"
