Tool,File,Peak memory used,Runtime,Grouping Method,Singletons,Dataset,Completed?,Input reads (total),Input reads (mapped),Ouput reads (total),Output reads (mapped),Iteration
UMI-tools_0,SRR2057572.bam,1.146820068359375,359.3710436820984,,Singletons,iclip,Completed,51266941,38909086,9259813,9259813,0
UMI-tools_0,SRR2057566.bam,0.3422088623046875,129.14136409759521,,Singletons,iclip,Completed,58026048,32112503,704326,704326,0
UMI-tools_0,SRR2057598.bam,0.1392974853515625,26.97317099571228,,Singletons,iclip,Completed,16928257,7628082,29821,29821,0
UMI-tools_0,SRR2057567.bam,0.1478118896484375,59.00857901573181,,Singletons,iclip,Completed,29073508,16150468,48403,48403,0
UMI-tools_0,SRR2057573.bam,0.9679718017578125,162.27015900611877,,Singletons,iclip,Completed,36547643,29099813,3029168,3029168,0
UMI-tools_0,SRR2057565.bam,0.610748291015625,173.924791097641,,Singletons,iclip,Completed,54224960,37282481,1736316,1736316,0
UMI-tools_0,SRR2057571.bam,0.6563262939453125,176.12495279312134,,Singletons,iclip,Completed,53324083,38959442,1730167,1730167,0
UMI-tools_0,SRR2057570.bam,0.208465576171875,103.52397394180298,,Singletons,iclip,Completed,40405667,28847003,248349,248349,0
UMI-tools_0,SRR2057564.bam,1.08642578125,176.14957523345947,,Singletons,iclip,Completed,34489769,22727389,3960913,3960913,0
UMI-tools_0,SRR2057574.bam,1.23358154296875,308.11219024658203,,Singletons,iclip,Completed,34025199,25909660,10320093,10320093,0
UMI-tools_0,SRR2057575.bam,1.2272186279296875,338.2280490398407,,Singletons,iclip,Completed,44442666,35308346,9919599,9919599,0
UMI-tools_0,SRR2057577.bam,1.1236724853515625,246.33086013793945,,Singletons,iclip,Completed,43973441,28871002,6248150,6248150,0
UMI-tools_0,SRR2057588.bam,0.256103515625,121.15312266349792,,Singletons,iclip,Completed,43441898,32658152,438292,438292,0
UMI-tools_0,SRR2057589.bam,1.1203155517578125,377.0496561527252,,Singletons,iclip,Completed,42863448,32826007,14622457,14622457,0
UMI-tools_0,SRR2057576.bam,0.3766632080078125,116.33776998519897,,Singletons,iclip,Completed,40150715,25982822,848650,848650,0
UMI-tools_0,SRR2057590.bam,0.183685302734375,74.01789212226868,,Singletons,iclip,Completed,29013856,21033934,175543,175543,0
UMI-tools_0,SRR2057584.bam,1.109039306640625,224.7506139278412,,Singletons,iclip,Completed,42826826,31966575,5430607,5430607,0
UMI-tools_0,SRR2057585.bam,1.10479736328125,318.96068930625916,,Singletons,iclip,Completed,40639954,29655146,9010288,9010288,0
UMI-tools_0,SRR2057591.bam,1.0729522705078125,185.5181119441986,,Singletons,iclip,Completed,32199796,24087600,5130981,5130981,0
UMI-tools_0,SRR2057578.bam,0.5841827392578125,127.28816485404968,,Singletons,iclip,Completed,40335876,27320610,1530110,1530110,0
UMI-tools_0,SRR2057587.bam,0.273223876953125,128.46331596374512,,Singletons,iclip,Completed,50200307,35217677,485115,485115,0
UMI-tools_0,SRR2057593.bam,0.56048583984375,85.79752707481384,,Singletons,iclip,Completed,26262514,15752539,1449316,1449316,0
UMI-tools_0,SRR2057592.bam,0.8954620361328125,122.36957430839539,,Singletons,iclip,Completed,29407116,18608161,2436519,2436519,0
UMI-tools_0,SRR2057586.bam,0.179595947265625,52.662073850631714,,Singletons,iclip,Completed,19071541,14207706,157404,157404,0
UMI-tools_0,SRR2057579.bam,0.356536865234375,87.24912118911743,,Singletons,iclip,Completed,29692490,19358021,807830,807830,0
UMI-tools_0,SRR2057569.bam,1.103271484375,318.89654088020325,,Singletons,iclip,Completed,50779697,38750707,8275763,8275763,0
UMI-tools_0,SRR2057582.bam,1.0041961669921875,172.17636609077454,,Singletons,iclip,Completed,39471313,28875433,3479553,3479553,0
UMI-tools_0,SRR2057596.bam,0.1691436767578125,17.01326298713684,,Singletons,iclip,Completed,13421059,4272050,118711,118711,0
UMI-tools_0,SRR2057597.bam,0.1329345703125,1.885848045349121,,Singletons,iclip,Completed,4672700,250648,23537,23537,0
UMI-tools_0,SRR2057583.bam,1.1457672119140625,324.31887102127075,,Singletons,iclip,Completed,47622399,32736687,9510357,9510357,0
UMI-tools_0,SRR2057568.bam,0.2641448974609375,73.23405694961548,,Singletons,iclip,Completed,24425746,18186531,452318,452318,0
UMI-tools_0,SRR2057595.bam,0.134735107421875,10.79806399345398,,Singletons,iclip,Completed,14786493,2827748,26705,26705,0
UMI-tools_0,SRR2057581.bam,0.3536529541015625,185.6503460407257,,Singletons,iclip,Completed,65530071,47111880,719329,719329,0
UMI-tools_0,SRR2057580.bam,0.9383392333984375,203.3634340763092,,Singletons,iclip,Completed,55869362,39806552,2990346,2990346,0
UMI-tools_0,SRR2057594.bam,0.4708251953125,70.21840810775757,,Singletons,iclip,Completed,22747123,13806190,1064262,1064262,0
UMICollapse_0,SRR2057572.bam,27.236984252929688,118.50794386863708,,Singletons,iclip,Completed,51266941,38909086,9259813,9259813,0
UMICollapse_0,SRR2057566.bam,5.831695556640625,51.151910066604614,,Singletons,iclip,Completed,58026048,32112503,704326,704326,0
UMICollapse_0,SRR2057598.bam,1.932586669921875,13.046996116638184,,Singletons,iclip,Completed,16928257,7628082,29821,29821,0
UMICollapse_0,SRR2057567.bam,1.6791534423828125,22.756205081939697,,Singletons,iclip,Completed,29073508,16150468,48403,48403,0
UMICollapse_0,SRR2057573.bam,10.888641357421875,54.90479326248169,,Singletons,iclip,Completed,36547643,29099813,3029168,3029168,0
UMICollapse_0,SRR2057565.bam,8.023117065429688,60.05945682525635,,Singletons,iclip,Completed,54224960,37282481,1736316,1736316,0
UMICollapse_0,SRR2057571.bam,8.970108032226562,56.927955865859985,,Singletons,iclip,Completed,53324083,38959442,1730167,1730167,0
UMICollapse_0,SRR2057570.bam,3.4217376708984375,33.37899422645569,,Singletons,iclip,Completed,40405667,28847003,248349,248349,0
UMICollapse_0,SRR2057564.bam,15.810989379882812,58.87648892402649,,Singletons,iclip,Completed,34489769,22727389,3960913,3960913,0
UMICollapse_0,SRR2057574.bam,26.388641357421875,104.1812858581543,,Singletons,iclip,Completed,34025199,25909660,10320093,10320093,0
UMICollapse_0,SRR2057575.bam,29.29119873046875,111.68583416938782,,Singletons,iclip,Completed,44442666,35308346,9919599,9919599,0
UMICollapse_0,SRR2057577.bam,20.885238647460938,82.27892994880676,,Singletons,iclip,Completed,43973441,28871002,6248150,6248150,0
UMICollapse_0,SRR2057588.bam,5.3290863037109375,36.763745069503784,,Singletons,iclip,Completed,43441898,32658152,438292,438292,0
UMICollapse_0,SRR2057589.bam,29.61944580078125,115.46818113327026,,Singletons,iclip,Completed,42863448,32826007,14622457,14622457,0
UMICollapse_0,SRR2057576.bam,6.0811309814453125,41.00650906562805,,Singletons,iclip,Completed,40150715,25982822,848650,848650,0
UMICollapse_0,SRR2057590.bam,2.15283203125,25.724942207336426,,Singletons,iclip,Completed,29013856,21033934,175543,175543,0
UMICollapse_0,SRR2057584.bam,19.988006591796875,74.73556399345398,,Singletons,iclip,Completed,42826826,31966575,5430607,5430607,0
UMICollapse_0,SRR2057585.bam,24.004501342773438,102.38550400733948,,Singletons,iclip,Completed,40639954,29655146,9010288,9010288,0
UMICollapse_0,SRR2057591.bam,19.0753173828125,65.5768609046936,,Singletons,iclip,Completed,32199796,24087600,5130981,5130981,0
UMICollapse_0,SRR2057578.bam,7.578399658203125,45.968392848968506,,Singletons,iclip,Completed,40335876,27320610,1530110,1530110,0
UMICollapse_0,SRR2057587.bam,5.3411102294921875,42.30750012397766,,Singletons,iclip,Completed,50200307,35217677,485115,485115,0
UMICollapse_0,SRR2057593.bam,7.9288482666015625,32.70570421218872,,Singletons,iclip,Completed,26262514,15752539,1449316,1449316,0
UMICollapse_0,SRR2057592.bam,11.665496826171875,43.11826491355896,,Singletons,iclip,Completed,29407116,18608161,2436519,2436519,0
UMICollapse_0,SRR2057586.bam,3.275726318359375,16.92819905281067,,Singletons,iclip,Completed,19071541,14207706,157404,157404,0
UMICollapse_0,SRR2057579.bam,5.20703125,28.49228286743164,,Singletons,iclip,Completed,29692490,19358021,807830,807830,0
UMICollapse_0,SRR2057569.bam,26.73712158203125,102.5452299118042,,Singletons,iclip,Completed,50779697,38750707,8275763,8275763,0
UMICollapse_0,SRR2057582.bam,13.26605224609375,57.9935998916626,,Singletons,iclip,Completed,39471313,28875433,3479553,3479553,0
UMICollapse_0,SRR2057596.bam,2.2493743896484375,9.532859802246094,,Singletons,iclip,Completed,13421059,4272050,118711,118711,0
UMICollapse_0,SRR2057597.bam,1.045318603515625,2.829975128173828,,Singletons,iclip,Completed,4672700,250648,23537,23537,0
UMICollapse_0,SRR2057583.bam,24.789093017578125,105.88542795181274,,Singletons,iclip,Completed,47622399,32736687,9510357,9510357,0
UMICollapse_0,SRR2057568.bam,4.34259033203125,23.234076976776123,,Singletons,iclip,Completed,24425746,18186531,452318,452318,0
UMICollapse_0,SRR2057595.bam,1.8472900390625,8.563524961471558,,Singletons,iclip,Completed,14786493,2827748,26705,26705,0
UMICollapse_0,SRR2057581.bam,6.1945648193359375,60.796459913253784,,Singletons,iclip,Completed,65530071,47111880,719329,719329,0
UMICollapse_0,SRR2057580.bam,11.306182861328125,66.96613812446594,,Singletons,iclip,Completed,55869362,39806552,2990346,2990346,0
UMICollapse_0,SRR2057594.bam,5.658203125,26.825783729553223,,Singletons,iclip,Completed,22747123,13806190,1064262,1064262,0
RUMINA_8_threads.directional_0_--singletons,SRR2057572.bam,2.059844970703125,34.158942222595215,directional,Singletons,iclip,Completed,51266941,38909086,9259813,9259813,0
RUMINA_8_threads.directional_0_--singletons,SRR2057566.bam,0.5537261962890625,13.662554264068604,directional,Singletons,iclip,Completed,58026048,32112503,704326,704326,0
RUMINA_8_threads.directional_0_--singletons,SRR2057598.bam,0.0628509521484375,2.7468249797821045,directional,Singletons,iclip,Completed,16928257,7628082,29821,29821,0
RUMINA_8_threads.directional_0_--singletons,SRR2057567.bam,0.1441192626953125,5.819996118545532,directional,Singletons,iclip,Completed,29073508,16150468,48403,48403,0
RUMINA_8_threads.directional_0_--singletons,SRR2057573.bam,0.6590728759765625,16.310954093933105,directional,Singletons,iclip,Completed,36547643,29099813,3029168,3029168,0
RUMINA_8_threads.directional_0_--singletons,SRR2057565.bam,0.8420562744140625,17.694053173065186,directional,Singletons,iclip,Completed,54224960,37282481,1736316,1736316,0
RUMINA_8_threads.directional_0_--singletons,SRR2057571.bam,0.592559814453125,18.364281177520752,directional,Singletons,iclip,Completed,53324083,38959442,1730167,1730167,0
RUMINA_8_threads.directional_0_--singletons,SRR2057570.bam,0.1594696044921875,10.551758289337158,directional,Singletons,iclip,Completed,40405667,28847003,248349,248349,0
RUMINA_8_threads.directional_0_--singletons,SRR2057564.bam,1.3212738037109375,17.509106159210205,directional,Singletons,iclip,Completed,34489769,22727389,3960913,3960913,0
RUMINA_8_threads.directional_0_--singletons,SRR2057574.bam,1.50299072265625,28.384487867355347,directional,Singletons,iclip,Completed,34025199,25909660,10320093,10320093,0
RUMINA_8_threads.directional_0_--singletons,SRR2057575.bam,1.525360107421875,31.624836921691895,directional,Singletons,iclip,Completed,44442666,35308346,9919599,9919599,0
RUMINA_8_threads.directional_0_--singletons,SRR2057577.bam,1.38629150390625,23.46979594230652,directional,Singletons,iclip,Completed,43973441,28871002,6248150,6248150,0
RUMINA_8_threads.directional_0_--singletons,SRR2057588.bam,0.1639862060546875,12.071233987808228,directional,Singletons,iclip,Completed,43441898,32658152,438292,438292,0
RUMINA_8_threads.directional_0_--singletons,SRR2057589.bam,2.3917083740234375,36.38283085823059,directional,Singletons,iclip,Completed,42863448,32826007,14622457,14622457,0
RUMINA_8_threads.directional_0_--singletons,SRR2057576.bam,0.51324462890625,11.820497989654541,directional,Singletons,iclip,Completed,40150715,25982822,848650,848650,0
RUMINA_8_threads.directional_0_--singletons,SRR2057590.bam,0.1661834716796875,7.677145004272461,directional,Singletons,iclip,Completed,29013856,21033934,175543,175543,0
RUMINA_8_threads.directional_0_--singletons,SRR2057584.bam,1.1029052734375,21.432674884796143,directional,Singletons,iclip,Completed,42826826,31966575,5430607,5430607,0
RUMINA_8_threads.directional_0_--singletons,SRR2057585.bam,1.8579559326171875,28.344439029693604,directional,Singletons,iclip,Completed,40639954,29655146,9010288,9010288,0
RUMINA_8_threads.directional_0_--singletons,SRR2057591.bam,0.8833160400390625,17.934695959091187,directional,Singletons,iclip,Completed,32199796,24087600,5130981,5130981,0
RUMINA_8_threads.directional_0_--singletons,SRR2057578.bam,0.5169219970703125,13.19688606262207,directional,Singletons,iclip,Completed,40335876,27320610,1530110,1530110,0
RUMINA_8_threads.directional_0_--singletons,SRR2057587.bam,0.206268310546875,13.098557233810425,directional,Singletons,iclip,Completed,50200307,35217677,485115,485115,0
RUMINA_8_threads.directional_0_--singletons,SRR2057593.bam,0.3763885498046875,8.483522891998291,directional,Singletons,iclip,Completed,26262514,15752539,1449316,1449316,0
RUMINA_8_threads.directional_0_--singletons,SRR2057592.bam,0.5552825927734375,12.443970918655396,directional,Singletons,iclip,Completed,29407116,18608161,2436519,2436519,0
RUMINA_8_threads.directional_0_--singletons,SRR2057586.bam,0.108612060546875,5.268305063247681,directional,Singletons,iclip,Completed,19071541,14207706,157404,157404,0
RUMINA_8_threads.directional_0_--singletons,SRR2057579.bam,0.3224639892578125,8.624797105789185,directional,Singletons,iclip,Completed,29692490,19358021,807830,807830,0
RUMINA_8_threads.directional_0_--singletons,SRR2057569.bam,1.6024017333984375,31.943304300308228,directional,Singletons,iclip,Completed,50779697,38750707,8275763,8275763,0
RUMINA_8_threads.directional_0_--singletons,SRR2057582.bam,0.7947540283203125,16.995723724365234,directional,Singletons,iclip,Completed,39471313,28875433,3479553,3479553,0
RUMINA_8_threads.directional_0_--singletons,SRR2057596.bam,0.070220947265625,1.714507818222046,directional,Singletons,iclip,Completed,13421059,4272050,118711,118711,0
RUMINA_8_threads.directional_0_--singletons,SRR2057597.bam,0.034210205078125,0.2318282127380371,directional,Singletons,iclip,Completed,4672700,250648,23537,23537,0
RUMINA_8_threads.directional_0_--singletons,SRR2057583.bam,1.7690277099609375,31.06970477104187,directional,Singletons,iclip,Completed,47622399,32736687,9510357,9510357,0
RUMINA_8_threads.directional_0_--singletons,SRR2057568.bam,0.1886138916015625,7.2151780128479,directional,Singletons,iclip,Completed,24425746,18186531,452318,452318,0
RUMINA_8_threads.directional_0_--singletons,SRR2057595.bam,0.0405426025390625,1.1259779930114746,directional,Singletons,iclip,Completed,14786493,2827748,26705,26705,0
RUMINA_8_threads.directional_0_--singletons,SRR2057581.bam,0.5293121337890625,18.859144926071167,directional,Singletons,iclip,Completed,65530071,47111880,719329,719329,0
RUMINA_8_threads.directional_0_--singletons,SRR2057580.bam,0.9994049072265625,21.343127965927124,directional,Singletons,iclip,Completed,55869362,39806552,2990346,2990346,0
RUMINA_8_threads.directional_0_--singletons,SRR2057594.bam,0.3099212646484375,7.002063035964966,directional,Singletons,iclip,Completed,22747123,13806190,1064262,1064262,0
RUMINA_8_threads.directional_0_None,SRR2057572.bam,1.9834136962890625,27.190722942352295,directional,Strict,iclip,Completed,51266941,38909086,2938118,2938118,0
RUMINA_8_threads.directional_0_None,SRR2057566.bam,0.570709228515625,13.446293830871582,directional,Strict,iclip,Completed,58026048,32112503,570726,570726,0
RUMINA_8_threads.directional_0_None,SRR2057598.bam,0.0601654052734375,2.7481627464294434,directional,Strict,iclip,Completed,16928257,7628082,17172,17172,0
RUMINA_8_threads.directional_0_None,SRR2057567.bam,0.13336181640625,5.730856895446777,directional,Strict,iclip,Completed,29073508,16150468,27767,27767,0
RUMINA_8_threads.directional_0_None,SRR2057573.bam,0.6563873291015625,16.308425903320312,directional,Strict,iclip,Completed,36547643,29099813,2211984,2211984,0
RUMINA_8_threads.directional_0_None,SRR2057565.bam,0.827392578125,17.430463075637817,directional,Strict,iclip,Completed,54224960,37282481,1426343,1426343,0
RUMINA_8_threads.directional_0_None,SRR2057571.bam,0.587127685546875,17.46490788459778,directional,Strict,iclip,Completed,53324083,38959442,1482386,1482386,0
RUMINA_8_threads.directional_0_None,SRR2057570.bam,0.1561431884765625,10.441965818405151,directional,Strict,iclip,Completed,40405667,28847003,179023,179023,0
RUMINA_8_threads.directional_0_None,SRR2057564.bam,1.3085784912109375,15.023234844207764,directional,Strict,iclip,Completed,34489769,22727389,1724067,1724067,0
RUMINA_8_threads.directional_0_None,SRR2057574.bam,1.463958740234375,20.21783185005188,directional,Strict,iclip,Completed,34025199,25909660,2521884,2521884,0
RUMINA_8_threads.directional_0_None,SRR2057575.bam,1.462982177734375,25.19390368461609,directional,Strict,iclip,Completed,44442666,35308346,4111397,4111397,0
RUMINA_8_threads.directional_0_None,SRR2057577.bam,1.34063720703125,18.852687120437622,directional,Strict,iclip,Completed,43973441,28871002,2155984,2155984,0
RUMINA_8_threads.directional_0_None,SRR2057588.bam,0.152130126953125,12.070972919464111,directional,Strict,iclip,Completed,43441898,32658152,349898,349898,0
RUMINA_8_threads.directional_0_None,SRR2057589.bam,2.2814483642578125,26.54954433441162,directional,Strict,iclip,Completed,42863448,32826007,1432056,1432056,0
RUMINA_8_threads.directional_0_None,SRR2057576.bam,0.52606201171875,11.456028938293457,directional,Strict,iclip,Completed,40150715,25982822,686964,686964,0
RUMINA_8_threads.directional_0_None,SRR2057590.bam,0.1616363525390625,7.555434942245483,directional,Strict,iclip,Completed,29013856,21033934,124828,124828,0
RUMINA_8_threads.directional_0_None,SRR2057584.bam,1.0883636474609375,20.687063932418823,directional,Strict,iclip,Completed,42826826,31966575,3431275,3431275,0
RUMINA_8_threads.directional_0_None,SRR2057585.bam,1.7980499267578125,23.6891827583313,directional,Strict,iclip,Completed,40639954,29655146,2611446,2611446,0
RUMINA_8_threads.directional_0_None,SRR2057591.bam,0.8567657470703125,16.521732091903687,directional,Strict,iclip,Completed,32199796,24087600,2957155,2957155,0
RUMINA_8_threads.directional_0_None,SRR2057578.bam,0.519134521484375,12.727127075195312,directional,Strict,iclip,Completed,40335876,27320610,1168344,1168344,0
RUMINA_8_threads.directional_0_None,SRR2057587.bam,0.1990203857421875,12.981623888015747,directional,Strict,iclip,Completed,50200307,35217677,371748,371748,0
RUMINA_8_threads.directional_0_None,SRR2057593.bam,0.3809661865234375,8.487552881240845,directional,Strict,iclip,Completed,26262514,15752539,1137209,1137209,0
RUMINA_8_threads.directional_0_None,SRR2057592.bam,0.5398406982421875,11.385687112808228,directional,Strict,iclip,Completed,29407116,18608161,1584439,1584439,0
RUMINA_8_threads.directional_0_None,SRR2057586.bam,0.106231689453125,5.255069017410278,directional,Strict,iclip,Completed,19071541,14207706,126775,126775,0
RUMINA_8_threads.directional_0_None,SRR2057579.bam,0.3127288818359375,8.500046968460083,directional,Strict,iclip,Completed,29692490,19358021,708471,708471,0
RUMINA_8_threads.directional_0_None,SRR2057569.bam,1.5696258544921875,24.822950839996338,directional,Strict,iclip,Completed,50779697,38750707,3413898,3413898,0
RUMINA_8_threads.directional_0_None,SRR2057582.bam,0.7744598388671875,16.185070037841797,directional,Strict,iclip,Completed,39471313,28875433,2577509,2577509,0
RUMINA_8_threads.directional_0_None,SRR2057596.bam,0.0611572265625,1.718210220336914,directional,Strict,iclip,Completed,13421059,4272050,70932,70932,0
RUMINA_8_threads.directional_0_None,SRR2057597.bam,0.0321197509765625,0.23058009147644043,directional,Strict,iclip,Completed,4672700,250648,15630,15630,0
RUMINA_8_threads.directional_0_None,SRR2057583.bam,1.7411956787109375,22.72061824798584,directional,Strict,iclip,Completed,47622399,32736687,3045655,3045655,0
RUMINA_8_threads.directional_0_None,SRR2057568.bam,0.1667938232421875,7.234498023986816,directional,Strict,iclip,Completed,24425746,18186531,378773,378773,0
RUMINA_8_threads.directional_0_None,SRR2057595.bam,0.04254150390625,1.1367640495300293,directional,Strict,iclip,Completed,14786493,2827748,20686,20686,0
RUMINA_8_threads.directional_0_None,SRR2057581.bam,0.526824951171875,18.635587215423584,directional,Strict,iclip,Completed,65530071,47111880,535535,535535,0
RUMINA_8_threads.directional_0_None,SRR2057580.bam,0.989013671875,20.68992519378662,directional,Strict,iclip,Completed,55869362,39806552,2286559,2286559,0
RUMINA_8_threads.directional_0_None,SRR2057594.bam,0.3014373779296875,6.770611763000488,directional,Strict,iclip,Completed,22747123,13806190,835390,835390,0
RUMINA_8_threads.acyclic_0_None,SRR2057572.bam,2.0036773681640625,26.326263189315796,acyclic,Strict,iclip,Completed,51266941,38909086,3004021,3004021,0
RUMINA_8_threads.acyclic_0_None,SRR2057566.bam,0.5650787353515625,13.456368923187256,acyclic,Strict,iclip,Completed,58026048,32112503,596262,596262,0
RUMINA_8_threads.acyclic_0_None,SRR2057598.bam,0.0601043701171875,2.7447590827941895,acyclic,Strict,iclip,Completed,16928257,7628082,17261,17261,0
RUMINA_8_threads.acyclic_0_None,SRR2057567.bam,0.14263916015625,5.72869610786438,acyclic,Strict,iclip,Completed,29073508,16150468,28724,28724,0
RUMINA_8_threads.acyclic_0_None,SRR2057573.bam,0.6526336669921875,15.306514739990234,acyclic,Strict,iclip,Completed,36547643,29099813,2245570,2245570,0
RUMINA_8_threads.acyclic_0_None,SRR2057565.bam,0.8305206298828125,17.262726306915283,acyclic,Strict,iclip,Completed,54224960,37282481,1455796,1455796,0
RUMINA_8_threads.acyclic_0_None,SRR2057571.bam,0.60009765625,17.33262300491333,acyclic,Strict,iclip,Completed,53324083,38959442,1501044,1501044,0
RUMINA_8_threads.acyclic_0_None,SRR2057570.bam,0.16046142578125,10.430888891220093,acyclic,Strict,iclip,Completed,40405667,28847003,181192,181192,0
RUMINA_8_threads.acyclic_0_None,SRR2057564.bam,1.337066650390625,14.720218896865845,acyclic,Strict,iclip,Completed,34489769,22727389,1795051,1795051,0
RUMINA_8_threads.acyclic_0_None,SRR2057574.bam,1.499237060546875,18.84488296508789,acyclic,Strict,iclip,Completed,34025199,25909660,2592626,2592626,0
RUMINA_8_threads.acyclic_0_None,SRR2057575.bam,1.451873779296875,24.627444982528687,acyclic,Strict,iclip,Completed,44442666,35308346,4160097,4160097,0
RUMINA_8_threads.acyclic_0_None,SRR2057577.bam,1.3293914794921875,18.276264190673828,acyclic,Strict,iclip,Completed,43973441,28871002,2312634,2312634,0
RUMINA_8_threads.acyclic_0_None,SRR2057588.bam,0.1552276611328125,12.048543930053711,acyclic,Strict,iclip,Completed,43441898,32658152,351524,351524,0
RUMINA_8_threads.acyclic_0_None,SRR2057589.bam,2.2637939453125,24.80704402923584,acyclic,Strict,iclip,Completed,42863448,32826007,1568873,1568873,0
RUMINA_8_threads.acyclic_0_None,SRR2057576.bam,0.5142822265625,11.254209756851196,acyclic,Strict,iclip,Completed,40150715,25982822,708135,708135,0
RUMINA_8_threads.acyclic_0_None,SRR2057590.bam,0.1605224609375,7.556274890899658,acyclic,Strict,iclip,Completed,29013856,21033934,126540,126540,0
RUMINA_8_threads.acyclic_0_None,SRR2057584.bam,1.0785064697265625,18.93898105621338,acyclic,Strict,iclip,Completed,42826826,31966575,3459664,3459664,0
RUMINA_8_threads.acyclic_0_None,SRR2057585.bam,1.8097686767578125,20.709122896194458,acyclic,Strict,iclip,Completed,40639954,29655146,2667748,2667748,0
RUMINA_8_threads.acyclic_0_None,SRR2057591.bam,0.81695556640625,15.306318998336792,acyclic,Strict,iclip,Completed,32199796,24087600,2982241,2982241,0
RUMINA_8_threads.acyclic_0_None,SRR2057578.bam,0.50543212890625,12.509742736816406,acyclic,Strict,iclip,Completed,40335876,27320610,1202476,1202476,0
RUMINA_8_threads.acyclic_0_None,SRR2057587.bam,0.207000732421875,12.950093030929565,acyclic,Strict,iclip,Completed,50200307,35217677,375224,375224,0
RUMINA_8_threads.acyclic_0_None,SRR2057593.bam,0.3721923828125,8.010087966918945,acyclic,Strict,iclip,Completed,26262514,15752539,1160903,1160903,0
RUMINA_8_threads.acyclic_0_None,SRR2057592.bam,0.5484161376953125,11.0396249294281,acyclic,Strict,iclip,Completed,29407116,18608161,1617525,1617525,0
RUMINA_8_threads.acyclic_0_None,SRR2057586.bam,0.1046600341796875,5.159063100814819,acyclic,Strict,iclip,Completed,19071541,14207706,127893,127893,0
RUMINA_8_threads.acyclic_0_None,SRR2057579.bam,0.3353271484375,8.520124912261963,acyclic,Strict,iclip,Completed,29692490,19358021,717452,717452,0
RUMINA_8_threads.acyclic_0_None,SRR2057569.bam,1.561248779296875,24.330553770065308,acyclic,Strict,iclip,Completed,50779697,38750707,3468232,3468232,0
RUMINA_8_threads.acyclic_0_None,SRR2057582.bam,0.787811279296875,15.840868949890137,acyclic,Strict,iclip,Completed,39471313,28875433,2600897,2600897,0
RUMINA_8_threads.acyclic_0_None,SRR2057596.bam,0.0629730224609375,1.7122571468353271,acyclic,Strict,iclip,Completed,13421059,4272050,71362,71362,0
RUMINA_8_threads.acyclic_0_None,SRR2057597.bam,0.03228759765625,0.23043203353881836,acyclic,Strict,iclip,Completed,4672700,250648,15691,15691,0
RUMINA_8_threads.acyclic_0_None,SRR2057583.bam,1.723388671875,22.058065176010132,acyclic,Strict,iclip,Completed,47622399,32736687,3093263,3093263,0
RUMINA_8_threads.acyclic_0_None,SRR2057568.bam,0.1802825927734375,7.118471145629883,acyclic,Strict,iclip,Completed,24425746,18186531,383035,383035,0
RUMINA_8_threads.acyclic_0_None,SRR2057595.bam,0.0383148193359375,1.1372342109680176,acyclic,Strict,iclip,Completed,14786493,2827748,20753,20753,0
RUMINA_8_threads.acyclic_0_None,SRR2057581.bam,0.534820556640625,18.549023866653442,acyclic,Strict,iclip,Completed,65530071,47111880,551150,551150,0
RUMINA_8_threads.acyclic_0_None,SRR2057580.bam,0.985107421875,20.291075706481934,acyclic,Strict,iclip,Completed,55869362,39806552,2358770,2358770,0
RUMINA_8_threads.acyclic_0_None,SRR2057594.bam,0.28961181640625,6.653228998184204,acyclic,Strict,iclip,Completed,22747123,13806190,851417,851417,0
UMI-tools_1,SRR2057572.bam,1.07342529296875,366.51827907562256,,Singletons,iclip,Completed,51266941,38909086,9259813,9259813,1
UMI-tools_1,SRR2057566.bam,0.3425750732421875,133.4251880645752,,Singletons,iclip,Completed,58026048,32112503,704326,704326,1
UMI-tools_1,SRR2057598.bam,0.13787841796875,27.460173845291138,,Singletons,iclip,Completed,16928257,7628082,29821,29821,1
UMI-tools_1,SRR2057567.bam,0.148406982421875,57.83326601982117,,Singletons,iclip,Completed,29073508,16150468,48403,48403,1
UMI-tools_1,SRR2057573.bam,0.97100830078125,161.7482979297638,,Singletons,iclip,Completed,36547643,29099813,3029168,3029168,1
UMI-tools_1,SRR2057565.bam,0.61016845703125,173.0184690952301,,Singletons,iclip,Completed,54224960,37282481,1736316,1736316,1
UMI-tools_1,SRR2057571.bam,0.6188201904296875,177.50275683403015,,Singletons,iclip,Completed,53324083,38959442,1730167,1730167,1
UMI-tools_1,SRR2057570.bam,0.208251953125,106.74884605407715,,Singletons,iclip,Completed,40405667,28847003,248349,248349,1
UMI-tools_1,SRR2057564.bam,1.0693206787109375,175.66198706626892,,Singletons,iclip,Completed,34489769,22727389,3960913,3960913,1
UMI-tools_1,SRR2057574.bam,1.167449951171875,310.5435128211975,,Singletons,iclip,Completed,34025199,25909660,10320093,10320093,1
UMI-tools_1,SRR2057575.bam,1.2270050048828125,324.9988408088684,,Singletons,iclip,Completed,44442666,35308346,9919599,9919599,1
UMI-tools_1,SRR2057577.bam,1.1356658935546875,239.1212408542633,,Singletons,iclip,Completed,43973441,28871002,6248150,6248150,1
UMI-tools_1,SRR2057588.bam,0.256256103515625,121.20381712913513,,Singletons,iclip,Completed,43441898,32658152,438292,438292,1
UMI-tools_1,SRR2057589.bam,1.199066162109375,375.3077721595764,,Singletons,iclip,Completed,42863448,32826007,14622457,14622457,1
UMI-tools_1,SRR2057576.bam,0.37628173828125,113.8725848197937,,Singletons,iclip,Completed,40150715,25982822,848650,848650,1
UMI-tools_1,SRR2057590.bam,0.18255615234375,76.59350204467773,,Singletons,iclip,Completed,29013856,21033934,175543,175543,1
UMI-tools_1,SRR2057584.bam,1.0804595947265625,225.37306189537048,,Singletons,iclip,Completed,42826826,31966575,5430607,5430607,1
UMI-tools_1,SRR2057585.bam,1.1844329833984375,320.18454599380493,,Singletons,iclip,Completed,40639954,29655146,9010288,9010288,1
UMI-tools_1,SRR2057591.bam,1.0294189453125,191.3601222038269,,Singletons,iclip,Completed,32199796,24087600,5130981,5130981,1
UMI-tools_1,SRR2057578.bam,0.56292724609375,129.2802929878235,,Singletons,iclip,Completed,40335876,27320610,1530110,1530110,1
UMI-tools_1,SRR2057587.bam,0.2730560302734375,129.40175795555115,,Singletons,iclip,Completed,50200307,35217677,485115,485115,1
UMI-tools_1,SRR2057593.bam,0.5909423828125,88.02010297775269,,Singletons,iclip,Completed,26262514,15752539,1449316,1449316,1
UMI-tools_1,SRR2057592.bam,0.84429931640625,121.78153419494629,,Singletons,iclip,Completed,29407116,18608161,2436519,2436519,1
UMI-tools_1,SRR2057586.bam,0.1785888671875,52.65126085281372,,Singletons,iclip,Completed,19071541,14207706,157404,157404,1
UMI-tools_1,SRR2057579.bam,0.371246337890625,86.55886483192444,,Singletons,iclip,Completed,29692490,19358021,807830,807830,1
UMI-tools_1,SRR2057569.bam,1.1142425537109375,322.4948720932007,,Singletons,iclip,Completed,50779697,38750707,8275763,8275763,1
UMI-tools_1,SRR2057582.bam,1.0765228271484375,177.5800998210907,,Singletons,iclip,Completed,39471313,28875433,3479553,3479553,1
UMI-tools_1,SRR2057596.bam,0.16827392578125,17.455824851989746,,Singletons,iclip,Completed,13421059,4272050,118711,118711,1
UMI-tools_1,SRR2057597.bam,0.1325225830078125,2.0730810165405273,,Singletons,iclip,Completed,4672700,250648,23537,23537,1
UMI-tools_1,SRR2057583.bam,1.1556243896484375,325.2452280521393,,Singletons,iclip,Completed,47622399,32736687,9510357,9510357,1
UMI-tools_1,SRR2057568.bam,0.2654266357421875,73.01451897621155,,Singletons,iclip,Completed,24425746,18186531,452318,452318,1
UMI-tools_1,SRR2057595.bam,0.134857177734375,10.788434028625488,,Singletons,iclip,Completed,14786493,2827748,26705,26705,1
UMI-tools_1,SRR2057581.bam,0.3399505615234375,187.164537191391,,Singletons,iclip,Completed,65530071,47111880,719329,719329,1
UMI-tools_1,SRR2057580.bam,1.0070953369140625,208.38942694664001,,Singletons,iclip,Completed,55869362,39806552,2990346,2990346,1
UMI-tools_1,SRR2057594.bam,0.451904296875,72.20615792274475,,Singletons,iclip,Completed,22747123,13806190,1064262,1064262,1
UMICollapse_1,SRR2057572.bam,27.72967529296875,117.13419508934021,,Singletons,iclip,Completed,51266941,38909086,9259813,9259813,1
UMICollapse_1,SRR2057566.bam,5.797119140625,52.033849000930786,,Singletons,iclip,Completed,58026048,32112503,704326,704326,1
UMICollapse_1,SRR2057598.bam,1.9253082275390625,12.931129932403564,,Singletons,iclip,Completed,16928257,7628082,29821,29821,1
UMICollapse_1,SRR2057567.bam,1.701568603515625,22.667423963546753,,Singletons,iclip,Completed,29073508,16150468,48403,48403,1
UMICollapse_1,SRR2057573.bam,10.861419677734375,54.80492115020752,,Singletons,iclip,Completed,36547643,29099813,3029168,3029168,1
UMICollapse_1,SRR2057565.bam,8.024261474609375,60.28228688240051,,Singletons,iclip,Completed,54224960,37282481,1736316,1736316,1
UMICollapse_1,SRR2057571.bam,8.896484375,57.352664947509766,,Singletons,iclip,Completed,53324083,38959442,1730167,1730167,1
UMICollapse_1,SRR2057570.bam,3.43829345703125,33.61447596549988,,Singletons,iclip,Completed,40405667,28847003,248349,248349,1
UMICollapse_1,SRR2057564.bam,15.748092651367188,58.90949082374573,,Singletons,iclip,Completed,34489769,22727389,3960913,3960913,1
UMICollapse_1,SRR2057574.bam,26.401168823242188,104.94537305831909,,Singletons,iclip,Completed,34025199,25909660,10320093,10320093,1
UMICollapse_1,SRR2057575.bam,29.299362182617188,112.03245401382446,,Singletons,iclip,Completed,44442666,35308346,9919599,9919599,1
UMICollapse_1,SRR2057577.bam,20.614273071289062,82.52048516273499,,Singletons,iclip,Completed,43973441,28871002,6248150,6248150,1
UMICollapse_1,SRR2057588.bam,5.3174896240234375,36.920313119888306,,Singletons,iclip,Completed,43441898,32658152,438292,438292,1
UMICollapse_1,SRR2057589.bam,32.50700378417969,113.97836303710938,,Singletons,iclip,Completed,42863448,32826007,14622457,14622457,1
UMICollapse_1,SRR2057576.bam,6.2789306640625,41.08847403526306,,Singletons,iclip,Completed,40150715,25982822,848650,848650,1
UMICollapse_1,SRR2057590.bam,2.164337158203125,25.843065977096558,,Singletons,iclip,Completed,29013856,21033934,175543,175543,1
UMICollapse_1,SRR2057584.bam,19.640304565429688,74.92114782333374,,Singletons,iclip,Completed,42826826,31966575,5430607,5430607,1
UMICollapse_1,SRR2057585.bam,24.079376220703125,102.56819677352905,,Singletons,iclip,Completed,40639954,29655146,9010288,9010288,1
UMICollapse_1,SRR2057591.bam,19.05938720703125,66.02148079872131,,Singletons,iclip,Completed,32199796,24087600,5130981,5130981,1
UMICollapse_1,SRR2057578.bam,7.723663330078125,46.08957815170288,,Singletons,iclip,Completed,40335876,27320610,1530110,1530110,1
UMICollapse_1,SRR2057587.bam,5.3434295654296875,42.36611723899841,,Singletons,iclip,Completed,50200307,35217677,485115,485115,1
UMICollapse_1,SRR2057593.bam,8.146331787109375,32.74305200576782,,Singletons,iclip,Completed,26262514,15752539,1449316,1449316,1
UMICollapse_1,SRR2057592.bam,11.407318115234375,43.01511812210083,,Singletons,iclip,Completed,29407116,18608161,2436519,2436519,1
UMICollapse_1,SRR2057586.bam,2.9468231201171875,17.02568507194519,,Singletons,iclip,Completed,19071541,14207706,157404,157404,1
UMICollapse_1,SRR2057579.bam,5.209320068359375,28.53526997566223,,Singletons,iclip,Completed,29692490,19358021,807830,807830,1
UMICollapse_1,SRR2057569.bam,25.26763916015625,103.0350410938263,,Singletons,iclip,Completed,50779697,38750707,8275763,8275763,1
UMICollapse_1,SRR2057582.bam,13.024887084960938,57.98833107948303,,Singletons,iclip,Completed,39471313,28875433,3479553,3479553,1
UMICollapse_1,SRR2057596.bam,2.2447052001953125,9.481743097305298,,Singletons,iclip,Completed,13421059,4272050,118711,118711,1
UMICollapse_1,SRR2057597.bam,1.000091552734375,2.8597030639648438,,Singletons,iclip,Completed,4672700,250648,23537,23537,1
UMICollapse_1,SRR2057583.bam,24.92333984375,104.67253184318542,,Singletons,iclip,Completed,47622399,32736687,9510357,9510357,1
UMICollapse_1,SRR2057568.bam,4.355010986328125,22.534521102905273,,Singletons,iclip,Completed,24425746,18186531,452318,452318,1
UMICollapse_1,SRR2057595.bam,1.863800048828125,8.368516683578491,,Singletons,iclip,Completed,14786493,2827748,26705,26705,1
UMICollapse_1,SRR2057581.bam,7.285858154296875,59.20205593109131,,Singletons,iclip,Completed,65530071,47111880,719329,719329,1
UMICollapse_1,SRR2057580.bam,11.105636596679688,65.57918071746826,,Singletons,iclip,Completed,55869362,39806552,2990346,2990346,1
UMICollapse_1,SRR2057594.bam,5.739654541015625,26.946344137191772,,Singletons,iclip,Completed,22747123,13806190,1064262,1064262,1
RUMINA_8_threads.directional_1_--singletons,SRR2057572.bam,2.05401611328125,33.41657781600952,directional,Singletons,iclip,Completed,51266941,38909086,9259813,9259813,1
RUMINA_8_threads.directional_1_--singletons,SRR2057566.bam,0.558868408203125,13.73498272895813,directional,Singletons,iclip,Completed,58026048,32112503,704326,704326,1
RUMINA_8_threads.directional_1_--singletons,SRR2057598.bam,0.0618896484375,2.7430760860443115,directional,Singletons,iclip,Completed,16928257,7628082,29821,29821,1
RUMINA_8_threads.directional_1_--singletons,SRR2057567.bam,0.145843505859375,5.746516942977905,directional,Singletons,iclip,Completed,29073508,16150468,48403,48403,1
RUMINA_8_threads.directional_1_--singletons,SRR2057573.bam,0.6607208251953125,16.221555948257446,directional,Singletons,iclip,Completed,36547643,29099813,3029168,3029168,1
RUMINA_8_threads.directional_1_--singletons,SRR2057565.bam,0.8483123779296875,17.83247208595276,directional,Singletons,iclip,Completed,54224960,37282481,1736316,1736316,1
RUMINA_8_threads.directional_1_--singletons,SRR2057571.bam,0.60076904296875,17.929978132247925,directional,Singletons,iclip,Completed,53324083,38959442,1730167,1730167,1
RUMINA_8_threads.directional_1_--singletons,SRR2057570.bam,0.1590423583984375,10.535875797271729,directional,Singletons,iclip,Completed,40405667,28847003,248349,248349,1
RUMINA_8_threads.directional_1_--singletons,SRR2057564.bam,1.3437347412109375,17.531625032424927,directional,Singletons,iclip,Completed,34489769,22727389,3960913,3960913,1
RUMINA_8_threads.directional_1_--singletons,SRR2057574.bam,1.5277557373046875,27.561359167099,directional,Singletons,iclip,Completed,34025199,25909660,10320093,10320093,1
RUMINA_8_threads.directional_1_--singletons,SRR2057575.bam,1.5400848388671875,30.96160578727722,directional,Singletons,iclip,Completed,44442666,35308346,9919599,9919599,1
RUMINA_8_threads.directional_1_--singletons,SRR2057577.bam,1.369232177734375,23.044275999069214,directional,Singletons,iclip,Completed,43973441,28871002,6248150,6248150,1
RUMINA_8_threads.directional_1_--singletons,SRR2057588.bam,0.16925048828125,12.07842206954956,directional,Singletons,iclip,Completed,43441898,32658152,438292,438292,1
RUMINA_8_threads.directional_1_--singletons,SRR2057589.bam,2.3621978759765625,36.406975984573364,directional,Singletons,iclip,Completed,42863448,32826007,14622457,14622457,1
RUMINA_8_threads.directional_1_--singletons,SRR2057576.bam,0.5041656494140625,11.707494020462036,directional,Singletons,iclip,Completed,40150715,25982822,848650,848650,1
RUMINA_8_threads.directional_1_--singletons,SRR2057590.bam,0.1614837646484375,7.698090076446533,directional,Singletons,iclip,Completed,29013856,21033934,175543,175543,1
RUMINA_8_threads.directional_1_--singletons,SRR2057584.bam,1.103179931640625,22.88702893257141,directional,Singletons,iclip,Completed,42826826,31966575,5430607,5430607,1
RUMINA_8_threads.directional_1_--singletons,SRR2057585.bam,1.833740234375,28.682780981063843,directional,Singletons,iclip,Completed,40639954,29655146,9010288,9010288,1
RUMINA_8_threads.directional_1_--singletons,SRR2057591.bam,0.8656158447265625,18.05338191986084,directional,Singletons,iclip,Completed,32199796,24087600,5130981,5130981,1
RUMINA_8_threads.directional_1_--singletons,SRR2057578.bam,0.5197906494140625,13.192779064178467,directional,Singletons,iclip,Completed,40335876,27320610,1530110,1530110,1
RUMINA_8_threads.directional_1_--singletons,SRR2057587.bam,0.1978912353515625,13.095493078231812,directional,Singletons,iclip,Completed,50200307,35217677,485115,485115,1
RUMINA_8_threads.directional_1_--singletons,SRR2057593.bam,0.3758697509765625,8.516668796539307,directional,Singletons,iclip,Completed,26262514,15752539,1449316,1449316,1
RUMINA_8_threads.directional_1_--singletons,SRR2057592.bam,0.5670318603515625,12.076027154922485,directional,Singletons,iclip,Completed,29407116,18608161,2436519,2436519,1
RUMINA_8_threads.directional_1_--singletons,SRR2057586.bam,0.1047821044921875,5.276884078979492,directional,Singletons,iclip,Completed,19071541,14207706,157404,157404,1
RUMINA_8_threads.directional_1_--singletons,SRR2057579.bam,0.3376922607421875,9.087100982666016,directional,Singletons,iclip,Completed,29692490,19358021,807830,807830,1
RUMINA_8_threads.directional_1_--singletons,SRR2057569.bam,1.6166229248046875,30.02851891517639,directional,Singletons,iclip,Completed,50779697,38750707,8275763,8275763,1
RUMINA_8_threads.directional_1_--singletons,SRR2057582.bam,0.8105621337890625,17.45253300666809,directional,Singletons,iclip,Completed,39471313,28875433,3479553,3479553,1
RUMINA_8_threads.directional_1_--singletons,SRR2057596.bam,0.0683441162109375,1.720607042312622,directional,Singletons,iclip,Completed,13421059,4272050,118711,118711,1
RUMINA_8_threads.directional_1_--singletons,SRR2057597.bam,0.0352325439453125,0.23018693923950195,directional,Singletons,iclip,Completed,4672700,250648,23537,23537,1
RUMINA_8_threads.directional_1_--singletons,SRR2057583.bam,1.7894439697265625,29.4984872341156,directional,Singletons,iclip,Completed,47622399,32736687,9510357,9510357,1
RUMINA_8_threads.directional_1_--singletons,SRR2057568.bam,0.1826171875,7.245356798171997,directional,Singletons,iclip,Completed,24425746,18186531,452318,452318,1
RUMINA_8_threads.directional_1_--singletons,SRR2057595.bam,0.040802001953125,1.127415657043457,directional,Singletons,iclip,Completed,14786493,2827748,26705,26705,1
RUMINA_8_threads.directional_1_--singletons,SRR2057581.bam,0.529937744140625,18.939675092697144,directional,Singletons,iclip,Completed,65530071,47111880,719329,719329,1
RUMINA_8_threads.directional_1_--singletons,SRR2057580.bam,0.9952239990234375,21.62114691734314,directional,Singletons,iclip,Completed,55869362,39806552,2990346,2990346,1
RUMINA_8_threads.directional_1_--singletons,SRR2057594.bam,0.310546875,6.996642112731934,directional,Singletons,iclip,Completed,22747123,13806190,1064262,1064262,1
RUMINA_8_threads.directional_1_None,SRR2057572.bam,2.0031890869140625,27.373718976974487,directional,Strict,iclip,Completed,51266941,38909086,2938118,2938118,1
RUMINA_8_threads.directional_1_None,SRR2057566.bam,0.5631561279296875,13.554575204849243,directional,Strict,iclip,Completed,58026048,32112503,570726,570726,1
RUMINA_8_threads.directional_1_None,SRR2057598.bam,0.0600433349609375,2.728188991546631,directional,Strict,iclip,Completed,16928257,7628082,17172,17172,1
RUMINA_8_threads.directional_1_None,SRR2057567.bam,0.1436920166015625,5.838950157165527,directional,Strict,iclip,Completed,29073508,16150468,27767,27767,1
RUMINA_8_threads.directional_1_None,SRR2057573.bam,0.650360107421875,15.496831893920898,directional,Strict,iclip,Completed,36547643,29099813,2211984,2211984,1
RUMINA_8_threads.directional_1_None,SRR2057565.bam,0.839630126953125,17.473612070083618,directional,Strict,iclip,Completed,54224960,37282481,1426343,1426343,1
RUMINA_8_threads.directional_1_None,SRR2057571.bam,0.593292236328125,17.811917066574097,directional,Strict,iclip,Completed,53324083,38959442,1482386,1482386,1
RUMINA_8_threads.directional_1_None,SRR2057570.bam,0.1641693115234375,10.468148946762085,directional,Strict,iclip,Completed,40405667,28847003,179023,179023,1
RUMINA_8_threads.directional_1_None,SRR2057564.bam,1.314727783203125,15.171279191970825,directional,Strict,iclip,Completed,34489769,22727389,1724067,1724067,1
RUMINA_8_threads.directional_1_None,SRR2057574.bam,1.4720306396484375,19.198623180389404,directional,Strict,iclip,Completed,34025199,25909660,2521884,2521884,1
RUMINA_8_threads.directional_1_None,SRR2057575.bam,1.42938232421875,24.753210067749023,directional,Strict,iclip,Completed,44442666,35308346,4111397,4111397,1
RUMINA_8_threads.directional_1_None,SRR2057577.bam,1.347076416015625,18.830167055130005,directional,Strict,iclip,Completed,43973441,28871002,2155984,2155984,1
RUMINA_8_threads.directional_1_None,SRR2057588.bam,0.14306640625,11.912240743637085,directional,Strict,iclip,Completed,43441898,32658152,349898,349898,1
RUMINA_8_threads.directional_1_None,SRR2057589.bam,2.2703704833984375,27.0669162273407,directional,Strict,iclip,Completed,42863448,32826007,1432056,1432056,1
RUMINA_8_threads.directional_1_None,SRR2057576.bam,0.5267791748046875,11.43994402885437,directional,Strict,iclip,Completed,40150715,25982822,686964,686964,1
RUMINA_8_threads.directional_1_None,SRR2057590.bam,0.1625518798828125,7.584600925445557,directional,Strict,iclip,Completed,29013856,21033934,124828,124828,1
RUMINA_8_threads.directional_1_None,SRR2057584.bam,1.0693359375,20.805579900741577,directional,Strict,iclip,Completed,42826826,31966575,3431275,3431275,1
RUMINA_8_threads.directional_1_None,SRR2057585.bam,1.7917022705078125,22.407374143600464,directional,Strict,iclip,Completed,40639954,29655146,2611446,2611446,1
RUMINA_8_threads.directional_1_None,SRR2057591.bam,0.8418731689453125,15.532348871231079,directional,Strict,iclip,Completed,32199796,24087600,2957155,2957155,1
RUMINA_8_threads.directional_1_None,SRR2057578.bam,0.5137786865234375,12.726094961166382,directional,Strict,iclip,Completed,40335876,27320610,1168344,1168344,1
RUMINA_8_threads.directional_1_None,SRR2057587.bam,0.20245361328125,13.084729194641113,directional,Strict,iclip,Completed,50200307,35217677,371748,371748,1
RUMINA_8_threads.directional_1_None,SRR2057593.bam,0.3609771728515625,8.268213987350464,directional,Strict,iclip,Completed,26262514,15752539,1137209,1137209,1
RUMINA_8_threads.directional_1_None,SRR2057592.bam,0.5541839599609375,11.603986024856567,directional,Strict,iclip,Completed,29407116,18608161,1584439,1584439,1
RUMINA_8_threads.directional_1_None,SRR2057586.bam,0.100494384765625,5.266844987869263,directional,Strict,iclip,Completed,19071541,14207706,126775,126775,1
RUMINA_8_threads.directional_1_None,SRR2057579.bam,0.3285369873046875,8.618218898773193,directional,Strict,iclip,Completed,29692490,19358021,708471,708471,1
RUMINA_8_threads.directional_1_None,SRR2057569.bam,1.5623626708984375,26.83592176437378,directional,Strict,iclip,Completed,50779697,38750707,3413898,3413898,1
RUMINA_8_threads.directional_1_None,SRR2057582.bam,0.790985107421875,16.299275159835815,directional,Strict,iclip,Completed,39471313,28875433,2577509,2577509,1
RUMINA_8_threads.directional_1_None,SRR2057596.bam,0.0594329833984375,1.7099618911743164,directional,Strict,iclip,Completed,13421059,4272050,70932,70932,1
RUMINA_8_threads.directional_1_None,SRR2057597.bam,0.0321197509765625,0.22058868408203125,directional,Strict,iclip,Completed,4672700,250648,15630,15630,1
RUMINA_8_threads.directional_1_None,SRR2057583.bam,1.718505859375,22.745569229125977,directional,Strict,iclip,Completed,47622399,32736687,3045655,3045655,1
RUMINA_8_threads.directional_1_None,SRR2057568.bam,0.1748504638671875,7.18144416809082,directional,Strict,iclip,Completed,24425746,18186531,378773,378773,1
RUMINA_8_threads.directional_1_None,SRR2057595.bam,0.0409393310546875,1.1364352703094482,directional,Strict,iclip,Completed,14786493,2827748,20686,20686,1
RUMINA_8_threads.directional_1_None,SRR2057581.bam,0.533599853515625,18.710567951202393,directional,Strict,iclip,Completed,65530071,47111880,535535,535535,1
RUMINA_8_threads.directional_1_None,SRR2057580.bam,0.9690093994140625,20.9158673286438,directional,Strict,iclip,Completed,55869362,39806552,2286559,2286559,1
RUMINA_8_threads.directional_1_None,SRR2057594.bam,0.2864990234375,6.886720180511475,directional,Strict,iclip,Completed,22747123,13806190,835390,835390,1
RUMINA_8_threads.acyclic_1_None,SRR2057572.bam,2.0135040283203125,27.821648836135864,acyclic,Strict,iclip,Completed,51266941,38909086,3004021,3004021,1
RUMINA_8_threads.acyclic_1_None,SRR2057566.bam,0.568817138671875,13.404601097106934,acyclic,Strict,iclip,Completed,58026048,32112503,596262,596262,1
RUMINA_8_threads.acyclic_1_None,SRR2057598.bam,0.059783935546875,2.7434699535369873,acyclic,Strict,iclip,Completed,16928257,7628082,17261,17261,1
RUMINA_8_threads.acyclic_1_None,SRR2057567.bam,0.143829345703125,5.7389209270477295,acyclic,Strict,iclip,Completed,29073508,16150468,28724,28724,1
RUMINA_8_threads.acyclic_1_None,SRR2057573.bam,0.6637725830078125,15.154250860214233,acyclic,Strict,iclip,Completed,36547643,29099813,2245570,2245570,1
RUMINA_8_threads.acyclic_1_None,SRR2057565.bam,0.816009521484375,17.224581956863403,acyclic,Strict,iclip,Completed,54224960,37282481,1455796,1455796,1
RUMINA_8_threads.acyclic_1_None,SRR2057571.bam,0.60052490234375,17.60630989074707,acyclic,Strict,iclip,Completed,53324083,38959442,1501044,1501044,1
RUMINA_8_threads.acyclic_1_None,SRR2057570.bam,0.1609344482421875,10.459006786346436,acyclic,Strict,iclip,Completed,40405667,28847003,181192,181192,1
RUMINA_8_threads.acyclic_1_None,SRR2057564.bam,1.340545654296875,14.55393099784851,acyclic,Strict,iclip,Completed,34489769,22727389,1795051,1795051,1
RUMINA_8_threads.acyclic_1_None,SRR2057574.bam,1.423980712890625,18.86856985092163,acyclic,Strict,iclip,Completed,34025199,25909660,2592626,2592626,1
RUMINA_8_threads.acyclic_1_None,SRR2057575.bam,1.4423675537109375,24.471307039260864,acyclic,Strict,iclip,Completed,44442666,35308346,4160097,4160097,1
RUMINA_8_threads.acyclic_1_None,SRR2057577.bam,1.3462982177734375,18.324602842330933,acyclic,Strict,iclip,Completed,43973441,28871002,2312634,2312634,1
RUMINA_8_threads.acyclic_1_None,SRR2057588.bam,0.155120849609375,11.920823097229004,acyclic,Strict,iclip,Completed,43441898,32658152,351524,351524,1
RUMINA_8_threads.acyclic_1_None,SRR2057589.bam,2.2776031494140625,25.000165700912476,acyclic,Strict,iclip,Completed,42863448,32826007,1568873,1568873,1
RUMINA_8_threads.acyclic_1_None,SRR2057576.bam,0.5181732177734375,11.241762161254883,acyclic,Strict,iclip,Completed,40150715,25982822,708135,708135,1
RUMINA_8_threads.acyclic_1_None,SRR2057590.bam,0.1599273681640625,7.5458149909973145,acyclic,Strict,iclip,Completed,29013856,21033934,126540,126540,1
RUMINA_8_threads.acyclic_1_None,SRR2057584.bam,1.0550384521484375,20.093103647232056,acyclic,Strict,iclip,Completed,42826826,31966575,3459664,3459664,1
RUMINA_8_threads.acyclic_1_None,SRR2057585.bam,1.7832794189453125,20.77263593673706,acyclic,Strict,iclip,Completed,40639954,29655146,2667748,2667748,1
RUMINA_8_threads.acyclic_1_None,SRR2057591.bam,0.8553314208984375,15.358381032943726,acyclic,Strict,iclip,Completed,32199796,24087600,2982241,2982241,1
RUMINA_8_threads.acyclic_1_None,SRR2057578.bam,0.52520751953125,12.597939014434814,acyclic,Strict,iclip,Completed,40335876,27320610,1202476,1202476,1
RUMINA_8_threads.acyclic_1_None,SRR2057587.bam,0.1988372802734375,12.972601890563965,acyclic,Strict,iclip,Completed,50200307,35217677,375224,375224,1
RUMINA_8_threads.acyclic_1_None,SRR2057593.bam,0.36041259765625,8.059509038925171,acyclic,Strict,iclip,Completed,26262514,15752539,1160903,1160903,1
RUMINA_8_threads.acyclic_1_None,SRR2057592.bam,0.5631103515625,11.054091930389404,acyclic,Strict,iclip,Completed,29407116,18608161,1617525,1617525,1
RUMINA_8_threads.acyclic_1_None,SRR2057586.bam,0.10845947265625,5.155531167984009,acyclic,Strict,iclip,Completed,19071541,14207706,127893,127893,1
RUMINA_8_threads.acyclic_1_None,SRR2057579.bam,0.315460205078125,8.5140962600708,acyclic,Strict,iclip,Completed,29692490,19358021,717452,717452,1
RUMINA_8_threads.acyclic_1_None,SRR2057569.bam,1.59393310546875,24.489415884017944,acyclic,Strict,iclip,Completed,50779697,38750707,3468232,3468232,1
RUMINA_8_threads.acyclic_1_None,SRR2057582.bam,0.802001953125,15.82805871963501,acyclic,Strict,iclip,Completed,39471313,28875433,2600897,2600897,1
RUMINA_8_threads.acyclic_1_None,SRR2057596.bam,0.0633087158203125,1.7161970138549805,acyclic,Strict,iclip,Completed,13421059,4272050,71362,71362,1
RUMINA_8_threads.acyclic_1_None,SRR2057597.bam,0.0320281982421875,0.22669696807861328,acyclic,Strict,iclip,Completed,4672700,250648,15691,15691,1
RUMINA_8_threads.acyclic_1_None,SRR2057583.bam,1.69708251953125,21.86957597732544,acyclic,Strict,iclip,Completed,47622399,32736687,3093263,3093263,1
RUMINA_8_threads.acyclic_1_None,SRR2057568.bam,0.1822662353515625,7.1063220500946045,acyclic,Strict,iclip,Completed,24425746,18186531,383035,383035,1
RUMINA_8_threads.acyclic_1_None,SRR2057595.bam,0.0430145263671875,1.1354799270629883,acyclic,Strict,iclip,Completed,14786493,2827748,20753,20753,1
RUMINA_8_threads.acyclic_1_None,SRR2057581.bam,0.52349853515625,18.454110860824585,acyclic,Strict,iclip,Completed,65530071,47111880,551150,551150,1
RUMINA_8_threads.acyclic_1_None,SRR2057580.bam,0.9748992919921875,20.42521595954895,acyclic,Strict,iclip,Completed,55869362,39806552,2358770,2358770,1
RUMINA_8_threads.acyclic_1_None,SRR2057594.bam,0.291748046875,6.658596038818359,acyclic,Strict,iclip,Completed,22747123,13806190,851417,851417,1
UMI-tools_2,SRR2057572.bam,1.144439697265625,370.49191784858704,,Singletons,iclip,Completed,51266941,38909086,9259813,9259813,2
UMI-tools_2,SRR2057566.bam,0.3432769775390625,133.82051825523376,,Singletons,iclip,Completed,58026048,32112503,704326,704326,2
UMI-tools_2,SRR2057598.bam,0.137847900390625,27.343821048736572,,Singletons,iclip,Completed,16928257,7628082,29821,29821,2
UMI-tools_2,SRR2057567.bam,0.148040771484375,57.89433193206787,,Singletons,iclip,Completed,29073508,16150468,48403,48403,2
UMI-tools_2,SRR2057573.bam,1.0332183837890625,162.02308583259583,,Singletons,iclip,Completed,36547643,29099813,3029168,3029168,2
UMI-tools_2,SRR2057565.bam,0.648773193359375,173.53220105171204,,Singletons,iclip,Completed,54224960,37282481,1736316,1736316,2
UMI-tools_2,SRR2057571.bam,0.61798095703125,178.65481424331665,,Singletons,iclip,Completed,53324083,38959442,1730167,1730167,2
UMI-tools_2,SRR2057570.bam,0.207763671875,105.40501499176025,,Singletons,iclip,Completed,40405667,28847003,248349,248349,2
UMI-tools_2,SRR2057564.bam,1.0215606689453125,176.8983130455017,,Singletons,iclip,Completed,34489769,22727389,3960913,3960913,2
UMI-tools_2,SRR2057574.bam,1.2447967529296875,311.71640276908875,,Singletons,iclip,Completed,34025199,25909660,10320093,10320093,2
UMI-tools_2,SRR2057575.bam,1.22869873046875,320.02293610572815,,Singletons,iclip,Completed,44442666,35308346,9919599,9919599,2
UMI-tools_2,SRR2057577.bam,1.11846923828125,239.63637495040894,,Singletons,iclip,Completed,43973441,28871002,6248150,6248150,2
UMI-tools_2,SRR2057588.bam,0.256378173828125,119.56756019592285,,Singletons,iclip,Completed,43441898,32658152,438292,438292,2
UMI-tools_2,SRR2057589.bam,1.1890106201171875,374.8949398994446,,Singletons,iclip,Completed,42863448,32826007,14622457,14622457,2
UMI-tools_2,SRR2057576.bam,0.37689208984375,114.22191786766052,,Singletons,iclip,Completed,40150715,25982822,848650,848650,2
UMI-tools_2,SRR2057590.bam,0.1829986572265625,76.17473101615906,,Singletons,iclip,Completed,29013856,21033934,175543,175543,2
UMI-tools_2,SRR2057584.bam,1.1071624755859375,227.32446432113647,,Singletons,iclip,Completed,42826826,31966575,5430607,5430607,2
UMI-tools_2,SRR2057585.bam,1.173126220703125,320.20407605171204,,Singletons,iclip,Completed,40639954,29655146,9010288,9010288,2
UMI-tools_2,SRR2057591.bam,1.0725860595703125,191.96629095077515,,Singletons,iclip,Completed,32199796,24087600,5130981,5130981,2
UMI-tools_2,SRR2057578.bam,0.55157470703125,132.6950180530548,,Singletons,iclip,Completed,40335876,27320610,1530110,1530110,2
UMI-tools_2,SRR2057587.bam,0.281585693359375,131.78325390815735,,Singletons,iclip,Completed,50200307,35217677,485115,485115,2
UMI-tools_2,SRR2057593.bam,0.56170654296875,88.46329069137573,,Singletons,iclip,Completed,26262514,15752539,1449316,1449316,2
UMI-tools_2,SRR2057592.bam,0.845428466796875,122.2786500453949,,Singletons,iclip,Completed,29407116,18608161,2436519,2436519,2
UMI-tools_2,SRR2057586.bam,0.1789703369140625,52.583377838134766,,Singletons,iclip,Completed,19071541,14207706,157404,157404,2
UMI-tools_2,SRR2057579.bam,0.3560943603515625,87.65120482444763,,Singletons,iclip,Completed,29692490,19358021,807830,807830,2
UMI-tools_2,SRR2057569.bam,1.10662841796875,324.7188501358032,,Singletons,iclip,Completed,50779697,38750707,8275763,8275763,2
UMI-tools_2,SRR2057582.bam,1.0047149658203125,177.50128507614136,,Singletons,iclip,Completed,39471313,28875433,3479553,3479553,2
UMI-tools_2,SRR2057596.bam,0.1686859130859375,17.477829933166504,,Singletons,iclip,Completed,13421059,4272050,118711,118711,2
UMI-tools_2,SRR2057597.bam,0.1319427490234375,1.9529321193695068,,Singletons,iclip,Completed,4672700,250648,23537,23537,2
UMI-tools_2,SRR2057583.bam,1.15576171875,326.8279368877411,,Singletons,iclip,Completed,47622399,32736687,9510357,9510357,2
UMI-tools_2,SRR2057568.bam,0.26409912109375,73.58698391914368,,Singletons,iclip,Completed,24425746,18186531,452318,452318,2
UMI-tools_2,SRR2057595.bam,0.134674072265625,10.802212715148926,,Singletons,iclip,Completed,14786493,2827748,26705,26705,2
UMI-tools_2,SRR2057581.bam,0.3380279541015625,188.20254015922546,,Singletons,iclip,Completed,65530071,47111880,719329,719329,2
UMI-tools_2,SRR2057580.bam,0.9404754638671875,202.35535597801208,,Singletons,iclip,Completed,55869362,39806552,2990346,2990346,2
UMI-tools_2,SRR2057594.bam,0.4498291015625,72.09692096710205,,Singletons,iclip,Completed,22747123,13806190,1064262,1064262,2
UMICollapse_2,SRR2057572.bam,27.660919189453125,118.4877278804779,,Singletons,iclip,Completed,51266941,38909086,9259813,9259813,2
UMICollapse_2,SRR2057566.bam,5.8073272705078125,52.151867151260376,,Singletons,iclip,Completed,58026048,32112503,704326,704326,2
UMICollapse_2,SRR2057598.bam,1.92529296875,13.05368185043335,,Singletons,iclip,Completed,16928257,7628082,29821,29821,2
UMICollapse_2,SRR2057567.bam,1.9889678955078125,22.583057165145874,,Singletons,iclip,Completed,29073508,16150468,48403,48403,2
UMICollapse_2,SRR2057573.bam,10.89825439453125,54.924227237701416,,Singletons,iclip,Completed,36547643,29099813,3029168,3029168,2
UMICollapse_2,SRR2057565.bam,7.762908935546875,60.33575129508972,,Singletons,iclip,Completed,54224960,37282481,1736316,1736316,2
UMICollapse_2,SRR2057571.bam,9.083831787109375,57.41685509681702,,Singletons,iclip,Completed,53324083,38959442,1730167,1730167,2
UMICollapse_2,SRR2057570.bam,2.688934326171875,33.36957287788391,,Singletons,iclip,Completed,40405667,28847003,248349,248349,2
UMICollapse_2,SRR2057564.bam,15.63238525390625,59.042086124420166,,Singletons,iclip,Completed,34489769,22727389,3960913,3960913,2
UMICollapse_2,SRR2057574.bam,26.038131713867188,105.54002594947815,,Singletons,iclip,Completed,34025199,25909660,10320093,10320093,2
UMICollapse_2,SRR2057575.bam,29.863449096679688,112.53475022315979,,Singletons,iclip,Completed,44442666,35308346,9919599,9919599,2
UMICollapse_2,SRR2057577.bam,21.182769775390625,82.62087678909302,,Singletons,iclip,Completed,43973441,28871002,6248150,6248150,2
UMICollapse_2,SRR2057588.bam,5.323333740234375,36.828412771224976,,Singletons,iclip,Completed,43441898,32658152,438292,438292,2
UMICollapse_2,SRR2057589.bam,32.88023376464844,114.22101211547852,,Singletons,iclip,Completed,42863448,32826007,14622457,14622457,2
UMICollapse_2,SRR2057576.bam,6.0379791259765625,41.04641580581665,,Singletons,iclip,Completed,40150715,25982822,848650,848650,2
UMICollapse_2,SRR2057590.bam,2.164093017578125,25.882771968841553,,Singletons,iclip,Completed,29013856,21033934,175543,175543,2
UMICollapse_2,SRR2057584.bam,20.090408325195312,75.15716409683228,,Singletons,iclip,Completed,42826826,31966575,5430607,5430607,2
UMICollapse_2,SRR2057585.bam,24.322998046875,103.73784804344177,,Singletons,iclip,Completed,40639954,29655146,9010288,9010288,2
UMICollapse_2,SRR2057591.bam,17.46295166015625,65.67667889595032,,Singletons,iclip,Completed,32199796,24087600,5130981,5130981,2
UMICollapse_2,SRR2057578.bam,7.6473846435546875,45.970844745635986,,Singletons,iclip,Completed,40335876,27320610,1530110,1530110,2
UMICollapse_2,SRR2057587.bam,5.5099639892578125,42.310885190963745,,Singletons,iclip,Completed,50200307,35217677,485115,485115,2
UMICollapse_2,SRR2057593.bam,8.34588623046875,32.74998998641968,,Singletons,iclip,Completed,26262514,15752539,1449316,1449316,2
UMICollapse_2,SRR2057592.bam,11.92816162109375,43.30349802970886,,Singletons,iclip,Completed,29407116,18608161,2436519,2436519,2
UMICollapse_2,SRR2057586.bam,3.307952880859375,17.038586139678955,,Singletons,iclip,Completed,19071541,14207706,157404,157404,2
UMICollapse_2,SRR2057579.bam,5.224945068359375,28.55582904815674,,Singletons,iclip,Completed,29692490,19358021,807830,807830,2
UMICollapse_2,SRR2057569.bam,25.3330078125,103.53761410713196,,Singletons,iclip,Completed,50779697,38750707,8275763,8275763,2
UMICollapse_2,SRR2057582.bam,13.3980712890625,58.202495098114014,,Singletons,iclip,Completed,39471313,28875433,3479553,3479553,2
UMICollapse_2,SRR2057596.bam,2.026885986328125,9.516037702560425,,Singletons,iclip,Completed,13421059,4272050,118711,118711,2
UMICollapse_2,SRR2057597.bam,1.0583953857421875,2.8305957317352295,,Singletons,iclip,Completed,4672700,250648,23537,23537,2
UMICollapse_2,SRR2057583.bam,25.329483032226562,107.00677394866943,,Singletons,iclip,Completed,47622399,32736687,9510357,9510357,2
UMICollapse_2,SRR2057568.bam,4.3127593994140625,23.013104915618896,,Singletons,iclip,Completed,24425746,18186531,452318,452318,2
UMICollapse_2,SRR2057595.bam,1.930877685546875,8.605731964111328,,Singletons,iclip,Completed,14786493,2827748,26705,26705,2
UMICollapse_2,SRR2057581.bam,6.0665283203125,60.71350407600403,,Singletons,iclip,Completed,65530071,47111880,719329,719329,2
UMICollapse_2,SRR2057580.bam,11.712997436523438,67.23431921005249,,Singletons,iclip,Completed,55869362,39806552,2990346,2990346,2
UMICollapse_2,SRR2057594.bam,5.714691162109375,26.897278308868408,,Singletons,iclip,Completed,22747123,13806190,1064262,1064262,2
RUMINA_8_threads.directional_2_--singletons,SRR2057572.bam,2.057861328125,33.81383299827576,directional,Singletons,iclip,Completed,51266941,38909086,9259813,9259813,2
RUMINA_8_threads.directional_2_--singletons,SRR2057566.bam,0.563720703125,13.69517207145691,directional,Singletons,iclip,Completed,58026048,32112503,704326,704326,2
RUMINA_8_threads.directional_2_--singletons,SRR2057598.bam,0.0609130859375,2.7559499740600586,directional,Singletons,iclip,Completed,16928257,7628082,29821,29821,2
RUMINA_8_threads.directional_2_--singletons,SRR2057567.bam,0.1439208984375,5.741252899169922,directional,Singletons,iclip,Completed,29073508,16150468,48403,48403,2
RUMINA_8_threads.directional_2_--singletons,SRR2057573.bam,0.6680755615234375,16.431772232055664,directional,Singletons,iclip,Completed,36547643,29099813,3029168,3029168,2
RUMINA_8_threads.directional_2_--singletons,SRR2057565.bam,0.836456298828125,17.884582996368408,directional,Singletons,iclip,Completed,54224960,37282481,1736316,1736316,2
RUMINA_8_threads.directional_2_--singletons,SRR2057571.bam,0.60601806640625,18.124615907669067,directional,Singletons,iclip,Completed,53324083,38959442,1730167,1730167,2
RUMINA_8_threads.directional_2_--singletons,SRR2057570.bam,0.1622314453125,10.544422149658203,directional,Singletons,iclip,Completed,40405667,28847003,248349,248349,2
RUMINA_8_threads.directional_2_--singletons,SRR2057564.bam,1.3311767578125,17.688047885894775,directional,Singletons,iclip,Completed,34489769,22727389,3960913,3960913,2
RUMINA_8_threads.directional_2_--singletons,SRR2057574.bam,1.5371246337890625,27.98716688156128,directional,Singletons,iclip,Completed,34025199,25909660,10320093,10320093,2
RUMINA_8_threads.directional_2_--singletons,SRR2057575.bam,1.497039794921875,31.018779039382935,directional,Singletons,iclip,Completed,44442666,35308346,9919599,9919599,2
RUMINA_8_threads.directional_2_--singletons,SRR2057577.bam,1.3815765380859375,23.254199981689453,directional,Singletons,iclip,Completed,43973441,28871002,6248150,6248150,2
RUMINA_8_threads.directional_2_--singletons,SRR2057588.bam,0.154510498046875,11.996542930603027,directional,Singletons,iclip,Completed,43441898,32658152,438292,438292,2
RUMINA_8_threads.directional_2_--singletons,SRR2057589.bam,2.3828277587890625,36.70702791213989,directional,Singletons,iclip,Completed,42863448,32826007,14622457,14622457,2
RUMINA_8_threads.directional_2_--singletons,SRR2057576.bam,0.520599365234375,11.686378955841064,directional,Singletons,iclip,Completed,40150715,25982822,848650,848650,2
RUMINA_8_threads.directional_2_--singletons,SRR2057590.bam,0.1664581298828125,7.667520999908447,directional,Singletons,iclip,Completed,29013856,21033934,175543,175543,2
RUMINA_8_threads.directional_2_--singletons,SRR2057584.bam,1.10357666015625,23.3200900554657,directional,Singletons,iclip,Completed,42826826,31966575,5430607,5430607,2
RUMINA_8_threads.directional_2_--singletons,SRR2057585.bam,1.8563995361328125,30.814650058746338,directional,Singletons,iclip,Completed,40639954,29655146,9010288,9010288,2
RUMINA_8_threads.directional_2_--singletons,SRR2057591.bam,0.878814697265625,18.206897735595703,directional,Singletons,iclip,Completed,32199796,24087600,5130981,5130981,2
RUMINA_8_threads.directional_2_--singletons,SRR2057578.bam,0.5142822265625,13.19703984260559,directional,Singletons,iclip,Completed,40335876,27320610,1530110,1530110,2
RUMINA_8_threads.directional_2_--singletons,SRR2057587.bam,0.20806884765625,13.090697050094604,directional,Singletons,iclip,Completed,50200307,35217677,485115,485115,2
RUMINA_8_threads.directional_2_--singletons,SRR2057593.bam,0.3744964599609375,8.679139852523804,directional,Singletons,iclip,Completed,26262514,15752539,1449316,1449316,2
RUMINA_8_threads.directional_2_--singletons,SRR2057592.bam,0.5564117431640625,12.644663095474243,directional,Singletons,iclip,Completed,29407116,18608161,2436519,2436519,2
RUMINA_8_threads.directional_2_--singletons,SRR2057586.bam,0.1053314208984375,5.2758629322052,directional,Singletons,iclip,Completed,19071541,14207706,157404,157404,2
RUMINA_8_threads.directional_2_--singletons,SRR2057579.bam,0.318572998046875,8.749068975448608,directional,Singletons,iclip,Completed,29692490,19358021,807830,807830,2
RUMINA_8_threads.directional_2_--singletons,SRR2057569.bam,1.6237335205078125,30.353446006774902,directional,Singletons,iclip,Completed,50779697,38750707,8275763,8275763,2
RUMINA_8_threads.directional_2_--singletons,SRR2057582.bam,0.8168182373046875,17.438036918640137,directional,Singletons,iclip,Completed,39471313,28875433,3479553,3479553,2
RUMINA_8_threads.directional_2_--singletons,SRR2057596.bam,0.0687713623046875,1.7269823551177979,directional,Singletons,iclip,Completed,13421059,4272050,118711,118711,2
RUMINA_8_threads.directional_2_--singletons,SRR2057597.bam,0.035003662109375,0.2303311824798584,directional,Singletons,iclip,Completed,4672700,250648,23537,23537,2
RUMINA_8_threads.directional_2_--singletons,SRR2057583.bam,1.79754638671875,29.343189001083374,directional,Singletons,iclip,Completed,47622399,32736687,9510357,9510357,2
RUMINA_8_threads.directional_2_--singletons,SRR2057568.bam,0.1774749755859375,7.3440141677856445,directional,Singletons,iclip,Completed,24425746,18186531,452318,452318,2
RUMINA_8_threads.directional_2_--singletons,SRR2057595.bam,0.0418243408203125,1.1423687934875488,directional,Singletons,iclip,Completed,14786493,2827748,26705,26705,2
RUMINA_8_threads.directional_2_--singletons,SRR2057581.bam,0.5249176025390625,19.00505495071411,directional,Singletons,iclip,Completed,65530071,47111880,719329,719329,2
RUMINA_8_threads.directional_2_--singletons,SRR2057580.bam,0.9859771728515625,21.631798028945923,directional,Singletons,iclip,Completed,55869362,39806552,2990346,2990346,2
RUMINA_8_threads.directional_2_--singletons,SRR2057594.bam,0.3079376220703125,7.014533042907715,directional,Singletons,iclip,Completed,22747123,13806190,1064262,1064262,2
RUMINA_8_threads.directional_2_None,SRR2057572.bam,1.99176025390625,27.501614093780518,directional,Strict,iclip,Completed,51266941,38909086,2938118,2938118,2
RUMINA_8_threads.directional_2_None,SRR2057566.bam,0.553985595703125,13.520148038864136,directional,Strict,iclip,Completed,58026048,32112503,570726,570726,2
RUMINA_8_threads.directional_2_None,SRR2057598.bam,0.0600738525390625,2.738184928894043,directional,Strict,iclip,Completed,16928257,7628082,17172,17172,2
RUMINA_8_threads.directional_2_None,SRR2057567.bam,0.1429595947265625,5.7283570766448975,directional,Strict,iclip,Completed,29073508,16150468,27767,27767,2
RUMINA_8_threads.directional_2_None,SRR2057573.bam,0.6556243896484375,15.634360074996948,directional,Strict,iclip,Completed,36547643,29099813,2211984,2211984,2
RUMINA_8_threads.directional_2_None,SRR2057565.bam,0.8399200439453125,17.589493989944458,directional,Strict,iclip,Completed,54224960,37282481,1426343,1426343,2
RUMINA_8_threads.directional_2_None,SRR2057571.bam,0.5870513916015625,17.690027952194214,directional,Strict,iclip,Completed,53324083,38959442,1482386,1482386,2
RUMINA_8_threads.directional_2_None,SRR2057570.bam,0.160308837890625,10.505778074264526,directional,Strict,iclip,Completed,40405667,28847003,179023,179023,2
RUMINA_8_threads.directional_2_None,SRR2057564.bam,1.307281494140625,15.188562870025635,directional,Strict,iclip,Completed,34489769,22727389,1724067,1724067,2
RUMINA_8_threads.directional_2_None,SRR2057574.bam,1.4425506591796875,19.169466257095337,directional,Strict,iclip,Completed,34025199,25909660,2521884,2521884,2
RUMINA_8_threads.directional_2_None,SRR2057575.bam,1.4703521728515625,25.020576000213623,directional,Strict,iclip,Completed,44442666,35308346,4111397,4111397,2
RUMINA_8_threads.directional_2_None,SRR2057577.bam,1.33447265625,19.193506002426147,directional,Strict,iclip,Completed,43973441,28871002,2155984,2155984,2
RUMINA_8_threads.directional_2_None,SRR2057588.bam,0.1510772705078125,11.948787927627563,directional,Strict,iclip,Completed,43441898,32658152,349898,349898,2
RUMINA_8_threads.directional_2_None,SRR2057589.bam,2.246734619140625,27.370336771011353,directional,Strict,iclip,Completed,42863448,32826007,1432056,1432056,2
RUMINA_8_threads.directional_2_None,SRR2057576.bam,0.5268096923828125,11.511258125305176,directional,Strict,iclip,Completed,40150715,25982822,686964,686964,2
RUMINA_8_threads.directional_2_None,SRR2057590.bam,0.1591033935546875,7.552440881729126,directional,Strict,iclip,Completed,29013856,21033934,124828,124828,2
RUMINA_8_threads.directional_2_None,SRR2057584.bam,1.084228515625,20.703120946884155,directional,Strict,iclip,Completed,42826826,31966575,3431275,3431275,2
RUMINA_8_threads.directional_2_None,SRR2057585.bam,1.7808990478515625,21.762409925460815,directional,Strict,iclip,Completed,40639954,29655146,2611446,2611446,2
RUMINA_8_threads.directional_2_None,SRR2057591.bam,0.8499755859375,15.776434898376465,directional,Strict,iclip,Completed,32199796,24087600,2957155,2957155,2
RUMINA_8_threads.directional_2_None,SRR2057578.bam,0.518890380859375,12.75229811668396,directional,Strict,iclip,Completed,40335876,27320610,1168344,1168344,2
RUMINA_8_threads.directional_2_None,SRR2057587.bam,0.194915771484375,12.995291233062744,directional,Strict,iclip,Completed,50200307,35217677,371748,371748,2
RUMINA_8_threads.directional_2_None,SRR2057593.bam,0.35870361328125,8.15313196182251,directional,Strict,iclip,Completed,26262514,15752539,1137209,1137209,2
RUMINA_8_threads.directional_2_None,SRR2057592.bam,0.535308837890625,11.112832069396973,directional,Strict,iclip,Completed,29407116,18608161,1584439,1584439,2
RUMINA_8_threads.directional_2_None,SRR2057586.bam,0.1008758544921875,5.226941108703613,directional,Strict,iclip,Completed,19071541,14207706,126775,126775,2
RUMINA_8_threads.directional_2_None,SRR2057579.bam,0.322174072265625,8.56303596496582,directional,Strict,iclip,Completed,29692490,19358021,708471,708471,2
RUMINA_8_threads.directional_2_None,SRR2057569.bam,1.557159423828125,24.895052671432495,directional,Strict,iclip,Completed,50779697,38750707,3413898,3413898,2
RUMINA_8_threads.directional_2_None,SRR2057582.bam,0.79754638671875,16.21191120147705,directional,Strict,iclip,Completed,39471313,28875433,2577509,2577509,2
RUMINA_8_threads.directional_2_None,SRR2057596.bam,0.062042236328125,1.7123570442199707,directional,Strict,iclip,Completed,13421059,4272050,70932,70932,2
RUMINA_8_threads.directional_2_None,SRR2057597.bam,0.03265380859375,0.23023295402526855,directional,Strict,iclip,Completed,4672700,250648,15630,15630,2
RUMINA_8_threads.directional_2_None,SRR2057583.bam,1.7403717041015625,24.805188179016113,directional,Strict,iclip,Completed,47622399,32736687,3045655,3045655,2
RUMINA_8_threads.directional_2_None,SRR2057568.bam,0.1778106689453125,7.231143951416016,directional,Strict,iclip,Completed,24425746,18186531,378773,378773,2
RUMINA_8_threads.directional_2_None,SRR2057595.bam,0.038726806640625,1.1439170837402344,directional,Strict,iclip,Completed,14786493,2827748,20686,20686,2
RUMINA_8_threads.directional_2_None,SRR2057581.bam,0.5375518798828125,18.808241844177246,directional,Strict,iclip,Completed,65530071,47111880,535535,535535,2
RUMINA_8_threads.directional_2_None,SRR2057580.bam,0.987457275390625,20.7893009185791,directional,Strict,iclip,Completed,55869362,39806552,2286559,2286559,2
RUMINA_8_threads.directional_2_None,SRR2057594.bam,0.3017578125,6.753102779388428,directional,Strict,iclip,Completed,22747123,13806190,835390,835390,2
RUMINA_8_threads.acyclic_2_None,SRR2057572.bam,1.9965057373046875,25.76823592185974,acyclic,Strict,iclip,Completed,51266941,38909086,3004021,3004021,2
RUMINA_8_threads.acyclic_2_None,SRR2057566.bam,0.5565185546875,13.42208194732666,acyclic,Strict,iclip,Completed,58026048,32112503,596262,596262,2
RUMINA_8_threads.acyclic_2_None,SRR2057598.bam,0.0595703125,2.7385241985321045,acyclic,Strict,iclip,Completed,16928257,7628082,17261,17261,2
RUMINA_8_threads.acyclic_2_None,SRR2057567.bam,0.141693115234375,5.745443820953369,acyclic,Strict,iclip,Completed,29073508,16150468,28724,28724,2
RUMINA_8_threads.acyclic_2_None,SRR2057573.bam,0.6551971435546875,15.844690799713135,acyclic,Strict,iclip,Completed,36547643,29099813,2245570,2245570,2
RUMINA_8_threads.acyclic_2_None,SRR2057565.bam,0.8303985595703125,17.328450679779053,acyclic,Strict,iclip,Completed,54224960,37282481,1455796,1455796,2
RUMINA_8_threads.acyclic_2_None,SRR2057571.bam,0.588043212890625,17.4077570438385,acyclic,Strict,iclip,Completed,53324083,38959442,1501044,1501044,2
RUMINA_8_threads.acyclic_2_None,SRR2057570.bam,0.1650390625,10.448992252349854,acyclic,Strict,iclip,Completed,40405667,28847003,181192,181192,2
RUMINA_8_threads.acyclic_2_None,SRR2057564.bam,1.32061767578125,14.268613815307617,acyclic,Strict,iclip,Completed,34489769,22727389,1795051,1795051,2
RUMINA_8_threads.acyclic_2_None,SRR2057574.bam,1.48162841796875,18.804676294326782,acyclic,Strict,iclip,Completed,34025199,25909660,2592626,2592626,2
RUMINA_8_threads.acyclic_2_None,SRR2057575.bam,1.443634033203125,24.14326786994934,acyclic,Strict,iclip,Completed,44442666,35308346,4160097,4160097,2
RUMINA_8_threads.acyclic_2_None,SRR2057577.bam,1.3014068603515625,17.82801389694214,acyclic,Strict,iclip,Completed,43973441,28871002,2312634,2312634,2
RUMINA_8_threads.acyclic_2_None,SRR2057588.bam,0.155517578125,11.828691959381104,acyclic,Strict,iclip,Completed,43441898,32658152,351524,351524,2
RUMINA_8_threads.acyclic_2_None,SRR2057589.bam,2.2852783203125,24.596446990966797,acyclic,Strict,iclip,Completed,42863448,32826007,1568873,1568873,2
RUMINA_8_threads.acyclic_2_None,SRR2057576.bam,0.5128173828125,11.028388023376465,acyclic,Strict,iclip,Completed,40150715,25982822,708135,708135,2
RUMINA_8_threads.acyclic_2_None,SRR2057590.bam,0.15997314453125,7.456071853637695,acyclic,Strict,iclip,Completed,29013856,21033934,126540,126540,2
RUMINA_8_threads.acyclic_2_None,SRR2057584.bam,1.06414794921875,19.783000946044922,acyclic,Strict,iclip,Completed,42826826,31966575,3459664,3459664,2
RUMINA_8_threads.acyclic_2_None,SRR2057585.bam,1.7321319580078125,20.83510398864746,acyclic,Strict,iclip,Completed,40639954,29655146,2667748,2667748,2
RUMINA_8_threads.acyclic_2_None,SRR2057591.bam,0.830841064453125,15.200484037399292,acyclic,Strict,iclip,Completed,32199796,24087600,2982241,2982241,2
RUMINA_8_threads.acyclic_2_None,SRR2057578.bam,0.5137176513671875,12.652184247970581,acyclic,Strict,iclip,Completed,40335876,27320610,1202476,1202476,2
RUMINA_8_threads.acyclic_2_None,SRR2057587.bam,0.2090911865234375,13.085447788238525,acyclic,Strict,iclip,Completed,50200307,35217677,375224,375224,2
RUMINA_8_threads.acyclic_2_None,SRR2057593.bam,0.365966796875,8.171757698059082,acyclic,Strict,iclip,Completed,26262514,15752539,1160903,1160903,2
RUMINA_8_threads.acyclic_2_None,SRR2057592.bam,0.5581512451171875,11.129745721817017,acyclic,Strict,iclip,Completed,29407116,18608161,1617525,1617525,2
RUMINA_8_threads.acyclic_2_None,SRR2057586.bam,0.1016082763671875,5.2673468589782715,acyclic,Strict,iclip,Completed,19071541,14207706,127893,127893,2
RUMINA_8_threads.acyclic_2_None,SRR2057579.bam,0.337371826171875,8.482263803482056,acyclic,Strict,iclip,Completed,29692490,19358021,717452,717452,2
RUMINA_8_threads.acyclic_2_None,SRR2057569.bam,1.563232421875,25.720361948013306,acyclic,Strict,iclip,Completed,50779697,38750707,3468232,3468232,2
RUMINA_8_threads.acyclic_2_None,SRR2057582.bam,0.7755126953125,15.989420890808105,acyclic,Strict,iclip,Completed,39471313,28875433,2600897,2600897,2
RUMINA_8_threads.acyclic_2_None,SRR2057596.bam,0.0604095458984375,1.719731092453003,acyclic,Strict,iclip,Completed,13421059,4272050,71362,71362,2
RUMINA_8_threads.acyclic_2_None,SRR2057597.bam,0.032501220703125,0.2251572608947754,acyclic,Strict,iclip,Completed,4672700,250648,15691,15691,2
RUMINA_8_threads.acyclic_2_None,SRR2057583.bam,1.7498931884765625,21.828145027160645,acyclic,Strict,iclip,Completed,47622399,32736687,3093263,3093263,2
RUMINA_8_threads.acyclic_2_None,SRR2057568.bam,0.1779327392578125,7.139182090759277,acyclic,Strict,iclip,Completed,24425746,18186531,383035,383035,2
RUMINA_8_threads.acyclic_2_None,SRR2057595.bam,0.037841796875,1.1515469551086426,acyclic,Strict,iclip,Completed,14786493,2827748,20753,20753,2
RUMINA_8_threads.acyclic_2_None,SRR2057581.bam,0.5301513671875,18.72491693496704,acyclic,Strict,iclip,Completed,65530071,47111880,551150,551150,2
RUMINA_8_threads.acyclic_2_None,SRR2057580.bam,0.9962615966796875,20.33239984512329,acyclic,Strict,iclip,Completed,55869362,39806552,2358770,2358770,2
RUMINA_8_threads.acyclic_2_None,SRR2057594.bam,0.301025390625,6.641754150390625,acyclic,Strict,iclip,Completed,22747123,13806190,851417,851417,2
UMI-tools_0,SRR1543969_sorted.bam,0.16998291015625,10.797624826431274,,Singletons,tcr,Completed,1361764,1349707,68732,68732,0
UMI-tools_0,SRR1543964_sorted.bam,0.17034912109375,9.095335960388184,,Singletons,tcr,Completed,1119301,1106767,64327,64327,0
UMI-tools_0,SRR1543970_sorted.bam,0.158660888671875,8.84934401512146,,Singletons,tcr,Completed,1235274,1222277,48223,48223,0
UMI-tools_0,SRR1543966_sorted.bam,0.1602783203125,9.208831071853638,,Singletons,tcr,Completed,1242753,1229055,49093,49093,0
UMI-tools_0,SRR1543971_sorted.bam,0.154266357421875,5.99270224571228,,Singletons,tcr,Completed,761512,748639,42975,42975,0
UMI-tools_0,SRR1543968_sorted.bam,0.158203125,8.180899143218994,,Singletons,tcr,Completed,1145263,1135396,49489,49489,0
UMI-tools_0,SRR1543965_sorted.bam,0.16326904296875,8.051578998565674,,Singletons,tcr,Completed,986833,953523,58461,58461,0
UMI-tools_0,SRR1543967_sorted.bam,0.16802978515625,10.12322998046875,,Singletons,tcr,Completed,1424049,1410388,61153,61153,0
UMICollapse_0,SRR1543969_sorted.bam,1.308563232421875,4.225089073181152,,Singletons,tcr,Completed,1361764,1349707,68732,68732,0
UMICollapse_0,SRR1543964_sorted.bam,1.1515045166015625,3.539116144180298,,Singletons,tcr,Completed,1119301,1106767,64327,64327,0
UMICollapse_0,SRR1543970_sorted.bam,1.2317657470703125,3.4311442375183105,,Singletons,tcr,Completed,1235274,1222277,48223,48223,0
UMICollapse_0,SRR1543966_sorted.bam,1.2881927490234375,3.4560770988464355,,Singletons,tcr,Completed,1242753,1229055,49093,49093,0
UMICollapse_0,SRR1543971_sorted.bam,1.0438232421875,2.406618118286133,,Singletons,tcr,Completed,761512,748639,42975,42975,0
UMICollapse_0,SRR1543968_sorted.bam,1.2472076416015625,3.3267769813537598,,Singletons,tcr,Completed,1145263,1135396,49489,49489,0
UMICollapse_0,SRR1543965_sorted.bam,1.1960906982421875,3.1029529571533203,,Singletons,tcr,Completed,986833,953523,58461,58461,0
UMICollapse_0,SRR1543967_sorted.bam,1.263946533203125,3.8898489475250244,,Singletons,tcr,Completed,1424049,1410388,61153,61153,0
RUMINA_8_threads.directional_0_--singletons,SRR1543969_sorted.bam,0.371307373046875,1.0329232215881348,directional,Singletons,tcr,Completed,1361764,1349707,68732,68732,0
RUMINA_8_threads.directional_0_--singletons,SRR1543964_sorted.bam,0.341766357421875,0.9232079982757568,directional,Singletons,tcr,Completed,1119301,1106767,64327,64327,0
RUMINA_8_threads.directional_0_--singletons,SRR1543970_sorted.bam,0.292816162109375,0.9211037158966064,directional,Singletons,tcr,Completed,1235274,1222277,48223,48223,0
RUMINA_8_threads.directional_0_--singletons,SRR1543966_sorted.bam,0.3130340576171875,0.9146449565887451,directional,Singletons,tcr,Completed,1242753,1229055,49093,49093,0
RUMINA_8_threads.directional_0_--singletons,SRR1543971_sorted.bam,0.1784515380859375,0.6869850158691406,directional,Singletons,tcr,Completed,761512,748639,42975,42975,0
RUMINA_8_threads.directional_0_--singletons,SRR1543968_sorted.bam,0.294830322265625,0.8060929775238037,directional,Singletons,tcr,Completed,1145263,1135396,49489,49489,0
RUMINA_8_threads.directional_0_--singletons,SRR1543965_sorted.bam,0.25665283203125,0.8031017780303955,directional,Singletons,tcr,Completed,986833,953523,58461,58461,0
RUMINA_8_threads.directional_0_--singletons,SRR1543967_sorted.bam,0.3483734130859375,1.0357661247253418,directional,Singletons,tcr,Completed,1424049,1410388,61153,61153,0
RUMINA_8_threads.directional_0_None,SRR1543969_sorted.bam,0.3489227294921875,0.9158692359924316,directional,Strict,tcr,Completed,1361764,1349707,19307,19307,0
RUMINA_8_threads.directional_0_None,SRR1543964_sorted.bam,0.3284759521484375,0.8067691326141357,directional,Strict,tcr,Completed,1119301,1106767,22677,22677,0
RUMINA_8_threads.directional_0_None,SRR1543970_sorted.bam,0.290252685546875,0.8068971633911133,directional,Strict,tcr,Completed,1235274,1222277,13465,13465,0
RUMINA_8_threads.directional_0_None,SRR1543966_sorted.bam,0.3128509521484375,0.8065688610076904,directional,Strict,tcr,Completed,1242753,1229055,13005,13005,0
RUMINA_8_threads.directional_0_None,SRR1543971_sorted.bam,0.1739044189453125,0.5654909610748291,directional,Strict,tcr,Completed,761512,748639,14705,14705,0
RUMINA_8_threads.directional_0_None,SRR1543968_sorted.bam,0.2810211181640625,0.8088212013244629,directional,Strict,tcr,Completed,1145263,1135396,16261,16261,0
RUMINA_8_threads.directional_0_None,SRR1543965_sorted.bam,0.258331298828125,0.6855969429016113,directional,Strict,tcr,Completed,986833,953523,19076,19076,0
RUMINA_8_threads.directional_0_None,SRR1543967_sorted.bam,0.3334197998046875,0.9160487651824951,directional,Strict,tcr,Completed,1424049,1410388,18313,18313,0
RUMINA_8_threads.acyclic_0_None,SRR1543969_sorted.bam,0.345458984375,0.9179327487945557,acyclic,Strict,tcr,Completed,1361764,1349707,21886,21886,0
RUMINA_8_threads.acyclic_0_None,SRR1543964_sorted.bam,0.320404052734375,0.8076908588409424,acyclic,Strict,tcr,Completed,1119301,1106767,23895,23895,0
RUMINA_8_threads.acyclic_0_None,SRR1543970_sorted.bam,0.2917022705078125,0.8049118518829346,acyclic,Strict,tcr,Completed,1235274,1222277,16021,16021,0
RUMINA_8_threads.acyclic_0_None,SRR1543966_sorted.bam,0.3115997314453125,0.8066959381103516,acyclic,Strict,tcr,Completed,1242753,1229055,15935,15935,0
RUMINA_8_threads.acyclic_0_None,SRR1543971_sorted.bam,0.17791748046875,0.5740149021148682,acyclic,Strict,tcr,Completed,761512,748639,15893,15893,0
RUMINA_8_threads.acyclic_0_None,SRR1543968_sorted.bam,0.2793121337890625,0.8061308860778809,acyclic,Strict,tcr,Completed,1145263,1135396,18043,18043,0
RUMINA_8_threads.acyclic_0_None,SRR1543965_sorted.bam,0.25439453125,0.6857609748840332,acyclic,Strict,tcr,Completed,986833,953523,20346,20346,0
RUMINA_8_threads.acyclic_0_None,SRR1543967_sorted.bam,0.33551025390625,0.9245259761810303,acyclic,Strict,tcr,Completed,1424049,1410388,20358,20358,0
UMI-tools_1,SRR1543969_sorted.bam,0.170257568359375,10.705836057662964,,Singletons,tcr,Completed,1361764,1349707,68732,68732,1
UMI-tools_1,SRR1543964_sorted.bam,0.1689605712890625,8.966907978057861,,Singletons,tcr,Completed,1119301,1106767,64327,64327,1
UMI-tools_1,SRR1543970_sorted.bam,0.1615447998046875,8.73352599143982,,Singletons,tcr,Completed,1235274,1222277,48223,48223,1
UMI-tools_1,SRR1543966_sorted.bam,0.1595611572265625,9.075782299041748,,Singletons,tcr,Completed,1242753,1229055,49093,49093,1
UMI-tools_1,SRR1543971_sorted.bam,0.154052734375,5.877045154571533,,Singletons,tcr,Completed,761512,748639,42975,42975,1
UMI-tools_1,SRR1543968_sorted.bam,0.1584625244140625,8.171451091766357,,Singletons,tcr,Completed,1145263,1135396,49489,49489,1
UMI-tools_1,SRR1543965_sorted.bam,0.1650848388671875,8.08446192741394,,Singletons,tcr,Completed,986833,953523,58461,58461,1
UMI-tools_1,SRR1543967_sorted.bam,0.1695404052734375,10.01970624923706,,Singletons,tcr,Completed,1424049,1410388,61153,61153,1
UMICollapse_1,SRR1543969_sorted.bam,1.24627685546875,4.090848922729492,,Singletons,tcr,Completed,1361764,1349707,68732,68732,1
UMICollapse_1,SRR1543964_sorted.bam,1.1514739990234375,3.548753023147583,,Singletons,tcr,Completed,1119301,1106767,64327,64327,1
UMICollapse_1,SRR1543970_sorted.bam,1.213409423828125,3.4205482006073,,Singletons,tcr,Completed,1235274,1222277,48223,48223,1
UMICollapse_1,SRR1543966_sorted.bam,1.2854766845703125,3.4259121417999268,,Singletons,tcr,Completed,1242753,1229055,49093,49093,1
UMICollapse_1,SRR1543971_sorted.bam,0.974609375,2.3937301635742188,,Singletons,tcr,Completed,761512,748639,42975,42975,1
UMICollapse_1,SRR1543968_sorted.bam,1.23663330078125,3.212552070617676,,Singletons,tcr,Completed,1145263,1135396,49489,49489,1
UMICollapse_1,SRR1543965_sorted.bam,1.1926727294921875,3.1022160053253174,,Singletons,tcr,Completed,986833,953523,58461,58461,1
UMICollapse_1,SRR1543967_sorted.bam,1.305419921875,3.897839069366455,,Singletons,tcr,Completed,1424049,1410388,61153,61153,1
RUMINA_8_threads.directional_1_--singletons,SRR1543969_sorted.bam,0.3568572998046875,1.0274388790130615,directional,Singletons,tcr,Completed,1361764,1349707,68732,68732,1
RUMINA_8_threads.directional_1_--singletons,SRR1543964_sorted.bam,0.3323822021484375,0.9216210842132568,directional,Singletons,tcr,Completed,1119301,1106767,64327,64327,1
RUMINA_8_threads.directional_1_--singletons,SRR1543970_sorted.bam,0.2948455810546875,0.9206571578979492,directional,Singletons,tcr,Completed,1235274,1222277,48223,48223,1
RUMINA_8_threads.directional_1_--singletons,SRR1543966_sorted.bam,0.3162841796875,0.9144251346588135,directional,Singletons,tcr,Completed,1242753,1229055,49093,49093,1
RUMINA_8_threads.directional_1_--singletons,SRR1543971_sorted.bam,0.1787872314453125,0.692166805267334,directional,Singletons,tcr,Completed,761512,748639,42975,42975,1
RUMINA_8_threads.directional_1_--singletons,SRR1543968_sorted.bam,0.29522705078125,0.8027088642120361,directional,Singletons,tcr,Completed,1145263,1135396,49489,49489,1
RUMINA_8_threads.directional_1_--singletons,SRR1543965_sorted.bam,0.2578582763671875,0.8009140491485596,directional,Singletons,tcr,Completed,986833,953523,58461,58461,1
RUMINA_8_threads.directional_1_--singletons,SRR1543967_sorted.bam,0.3439178466796875,1.0426921844482422,directional,Singletons,tcr,Completed,1424049,1410388,61153,61153,1
RUMINA_8_threads.directional_1_None,SRR1543969_sorted.bam,0.3558349609375,0.9224069118499756,directional,Strict,tcr,Completed,1361764,1349707,19307,19307,1
RUMINA_8_threads.directional_1_None,SRR1543964_sorted.bam,0.3214569091796875,0.807232141494751,directional,Strict,tcr,Completed,1119301,1106767,22677,22677,1
RUMINA_8_threads.directional_1_None,SRR1543970_sorted.bam,0.2888031005859375,0.796489953994751,directional,Strict,tcr,Completed,1235274,1222277,13465,13465,1
RUMINA_8_threads.directional_1_None,SRR1543966_sorted.bam,0.3088226318359375,0.7987120151519775,directional,Strict,tcr,Completed,1242753,1229055,13005,13005,1
RUMINA_8_threads.directional_1_None,SRR1543971_sorted.bam,0.1756744384765625,0.5750100612640381,directional,Strict,tcr,Completed,761512,748639,14705,14705,1
RUMINA_8_threads.directional_1_None,SRR1543968_sorted.bam,0.281494140625,0.8066377639770508,directional,Strict,tcr,Completed,1145263,1135396,16261,16261,1
RUMINA_8_threads.directional_1_None,SRR1543965_sorted.bam,0.2585906982421875,0.688478946685791,directional,Strict,tcr,Completed,986833,953523,19076,19076,1
RUMINA_8_threads.directional_1_None,SRR1543967_sorted.bam,0.3248138427734375,0.9191310405731201,directional,Strict,tcr,Completed,1424049,1410388,18313,18313,1
RUMINA_8_threads.acyclic_1_None,SRR1543969_sorted.bam,0.3593597412109375,0.9196968078613281,acyclic,Strict,tcr,Completed,1361764,1349707,21886,21886,1
RUMINA_8_threads.acyclic_1_None,SRR1543964_sorted.bam,0.3278656005859375,0.8082449436187744,acyclic,Strict,tcr,Completed,1119301,1106767,23895,23895,1
RUMINA_8_threads.acyclic_1_None,SRR1543970_sorted.bam,0.291473388671875,0.803948163986206,acyclic,Strict,tcr,Completed,1235274,1222277,16021,16021,1
RUMINA_8_threads.acyclic_1_None,SRR1543966_sorted.bam,0.3119964599609375,0.8037819862365723,acyclic,Strict,tcr,Completed,1242753,1229055,15935,15935,1
RUMINA_8_threads.acyclic_1_None,SRR1543971_sorted.bam,0.1773681640625,0.5749270915985107,acyclic,Strict,tcr,Completed,761512,748639,15893,15893,1
RUMINA_8_threads.acyclic_1_None,SRR1543968_sorted.bam,0.2877349853515625,0.8052957057952881,acyclic,Strict,tcr,Completed,1145263,1135396,18043,18043,1
RUMINA_8_threads.acyclic_1_None,SRR1543965_sorted.bam,0.2598419189453125,0.6938459873199463,acyclic,Strict,tcr,Completed,986833,953523,20346,20346,1
RUMINA_8_threads.acyclic_1_None,SRR1543967_sorted.bam,0.326446533203125,0.9213540554046631,acyclic,Strict,tcr,Completed,1424049,1410388,20358,20358,1
UMI-tools_2,SRR1543969_sorted.bam,0.1717681884765625,10.582483053207397,,Singletons,tcr,Completed,1361764,1349707,68732,68732,2
UMI-tools_2,SRR1543964_sorted.bam,0.1679534912109375,8.987725973129272,,Singletons,tcr,Completed,1119301,1106767,64327,64327,2
UMI-tools_2,SRR1543970_sorted.bam,0.1608123779296875,8.879347324371338,,Singletons,tcr,Completed,1235274,1222277,48223,48223,2
UMI-tools_2,SRR1543966_sorted.bam,0.159027099609375,9.071094036102295,,Singletons,tcr,Completed,1242753,1229055,49093,49093,2
UMI-tools_2,SRR1543971_sorted.bam,0.1566314697265625,5.9675703048706055,,Singletons,tcr,Completed,761512,748639,42975,42975,2
UMI-tools_2,SRR1543968_sorted.bam,0.1600494384765625,8.156401872634888,,Singletons,tcr,Completed,1145263,1135396,49489,49489,2
UMI-tools_2,SRR1543965_sorted.bam,0.163177490234375,8.063073873519897,,Singletons,tcr,Completed,986833,953523,58461,58461,2
UMI-tools_2,SRR1543967_sorted.bam,0.1676788330078125,10.0054190158844,,Singletons,tcr,Completed,1424049,1410388,61153,61153,2
UMICollapse_2,SRR1543969_sorted.bam,1.3383636474609375,4.139785051345825,,Singletons,tcr,Completed,1361764,1349707,68732,68732,2
UMICollapse_2,SRR1543964_sorted.bam,1.15167236328125,3.524991989135742,,Singletons,tcr,Completed,1119301,1106767,64327,64327,2
UMICollapse_2,SRR1543970_sorted.bam,1.2311859130859375,3.4371378421783447,,Singletons,tcr,Completed,1235274,1222277,48223,48223,2
UMICollapse_2,SRR1543966_sorted.bam,1.2491607666015625,3.432504177093506,,Singletons,tcr,Completed,1242753,1229055,49093,49093,2
UMICollapse_2,SRR1543971_sorted.bam,1.04705810546875,2.4095170497894287,,Singletons,tcr,Completed,761512,748639,42975,42975,2
UMICollapse_2,SRR1543968_sorted.bam,1.24658203125,3.205244779586792,,Singletons,tcr,Completed,1145263,1135396,49489,49489,2
UMICollapse_2,SRR1543965_sorted.bam,1.2788238525390625,3.092271089553833,,Singletons,tcr,Completed,986833,953523,58461,58461,2
UMICollapse_2,SRR1543967_sorted.bam,1.3062591552734375,3.897313117980957,,Singletons,tcr,Completed,1424049,1410388,61153,61153,2
RUMINA_8_threads.directional_2_--singletons,SRR1543969_sorted.bam,0.3715057373046875,1.0413446426391602,directional,Singletons,tcr,Completed,1361764,1349707,68732,68732,2
RUMINA_8_threads.directional_2_--singletons,SRR1543964_sorted.bam,0.341217041015625,0.9267332553863525,directional,Singletons,tcr,Completed,1119301,1106767,64327,64327,2
RUMINA_8_threads.directional_2_--singletons,SRR1543970_sorted.bam,0.292724609375,0.9221041202545166,directional,Singletons,tcr,Completed,1235274,1222277,48223,48223,2
RUMINA_8_threads.directional_2_--singletons,SRR1543966_sorted.bam,0.3165740966796875,0.9221451282501221,directional,Singletons,tcr,Completed,1242753,1229055,49093,49093,2
RUMINA_8_threads.directional_2_--singletons,SRR1543971_sorted.bam,0.177276611328125,0.6935069561004639,directional,Singletons,tcr,Completed,761512,748639,42975,42975,2
RUMINA_8_threads.directional_2_--singletons,SRR1543968_sorted.bam,0.2941131591796875,0.8100790977478027,directional,Singletons,tcr,Completed,1145263,1135396,49489,49489,2
RUMINA_8_threads.directional_2_--singletons,SRR1543965_sorted.bam,0.259002685546875,0.8073129653930664,directional,Singletons,tcr,Completed,986833,953523,58461,58461,2
RUMINA_8_threads.directional_2_--singletons,SRR1543967_sorted.bam,0.3499603271484375,1.0396218299865723,directional,Singletons,tcr,Completed,1424049,1410388,61153,61153,2
RUMINA_8_threads.directional_2_None,SRR1543969_sorted.bam,0.3568115234375,0.9145309925079346,directional,Strict,tcr,Completed,1361764,1349707,19307,19307,2
RUMINA_8_threads.directional_2_None,SRR1543964_sorted.bam,0.31781005859375,0.8060421943664551,directional,Strict,tcr,Completed,1119301,1106767,22677,22677,2
RUMINA_8_threads.directional_2_None,SRR1543970_sorted.bam,0.290313720703125,0.808358907699585,directional,Strict,tcr,Completed,1235274,1222277,13465,13465,2
RUMINA_8_threads.directional_2_None,SRR1543966_sorted.bam,0.3139190673828125,0.80570387840271,directional,Strict,tcr,Completed,1242753,1229055,13005,13005,2
RUMINA_8_threads.directional_2_None,SRR1543971_sorted.bam,0.177886962890625,0.5755002498626709,directional,Strict,tcr,Completed,761512,748639,14705,14705,2
RUMINA_8_threads.directional_2_None,SRR1543968_sorted.bam,0.2894744873046875,0.808668851852417,directional,Strict,tcr,Completed,1145263,1135396,16261,16261,2
RUMINA_8_threads.directional_2_None,SRR1543965_sorted.bam,0.2596893310546875,0.6929779052734375,directional,Strict,tcr,Completed,986833,953523,19076,19076,2
RUMINA_8_threads.directional_2_None,SRR1543967_sorted.bam,0.3268585205078125,0.9232180118560791,directional,Strict,tcr,Completed,1424049,1410388,18313,18313,2
RUMINA_8_threads.acyclic_2_None,SRR1543969_sorted.bam,0.35565185546875,0.9147131443023682,acyclic,Strict,tcr,Completed,1361764,1349707,21886,21886,2
RUMINA_8_threads.acyclic_2_None,SRR1543964_sorted.bam,0.3287200927734375,0.8066258430480957,acyclic,Strict,tcr,Completed,1119301,1106767,23895,23895,2
RUMINA_8_threads.acyclic_2_None,SRR1543970_sorted.bam,0.2919158935546875,0.8064932823181152,acyclic,Strict,tcr,Completed,1235274,1222277,16021,16021,2
RUMINA_8_threads.acyclic_2_None,SRR1543966_sorted.bam,0.3111572265625,0.8044791221618652,acyclic,Strict,tcr,Completed,1242753,1229055,15935,15935,2
RUMINA_8_threads.acyclic_2_None,SRR1543971_sorted.bam,0.1763916015625,0.5759258270263672,acyclic,Strict,tcr,Completed,761512,748639,15893,15893,2
RUMINA_8_threads.acyclic_2_None,SRR1543968_sorted.bam,0.2714080810546875,0.806272029876709,acyclic,Strict,tcr,Completed,1145263,1135396,18043,18043,2
RUMINA_8_threads.acyclic_2_None,SRR1543965_sorted.bam,0.2486114501953125,0.6818749904632568,acyclic,Strict,tcr,Completed,986833,953523,20346,20346,2
RUMINA_8_threads.acyclic_2_None,SRR1543967_sorted.bam,0.334930419921875,0.921705961227417,acyclic,Strict,tcr,Completed,1424049,1410388,20358,20358,2
UMI-tools_0,hiv_bwa.bam,8.307586669921875,1050.791340827942,,Singletons,hiv_wgs,Completed,74261154,74261154,11754204,11754204,0
UMICollapse_0,hiv_bwa.bam,23.854522705078125,228.960875749588,,Singletons,hiv_wgs,Completed,74261154,74261154,11754204,11754204,0
RUMINA_8_threads.directional_0_--singletons,hiv_bwa.bam,9.258132934570312,163.4157829284668,directional,Singletons,hiv_wgs,Completed,74261154,74261154,10791558,10791558,0
RUMINA_8_threads.directional_0_None,hiv_bwa.bam,4.2877960205078125,105.40798497200012,directional,Strict,hiv_wgs,Completed,74261154,74261154,4024262,4024262,0
RUMINA_8_threads.acyclic_0_None,hiv_bwa.bam,4.44073486328125,102.14563512802124,acyclic,Strict,hiv_wgs,Completed,74261154,74261154,4025745,4025745,0
UMI-tools_1,hiv_bwa.bam,8.322052001953125,1052.7112810611725,,Singletons,hiv_wgs,Completed,74261154,74261154,11754204,11754204,1
UMICollapse_1,hiv_bwa.bam,24.542526245117188,229.178138256073,,Singletons,hiv_wgs,Completed,74261154,74261154,11754204,11754204,1
RUMINA_8_threads.directional_1_--singletons,hiv_bwa.bam,9.512054443359375,157.28311705589294,directional,Singletons,hiv_wgs,Completed,74261154,74261154,10791548,10791548,1
RUMINA_8_threads.directional_1_None,hiv_bwa.bam,4.382415771484375,104.50922322273254,directional,Strict,hiv_wgs,Completed,74261154,74261154,4024262,4024262,1
RUMINA_8_threads.acyclic_1_None,hiv_bwa.bam,4.293548583984375,101.66681504249573,acyclic,Strict,hiv_wgs,Completed,74261154,74261154,4025744,4025744,1
UMI-tools_2,hiv_bwa.bam,8.297409057617188,1052.5570628643036,,Singletons,hiv_wgs,Completed,74261154,74261154,11754204,11754204,2
UMICollapse_2,hiv_bwa.bam,22.32501220703125,226.7493941783905,,Singletons,hiv_wgs,Completed,74261154,74261154,11754204,11754204,2
RUMINA_8_threads.directional_2_--singletons,hiv_bwa.bam,9.605056762695312,157.478257894516,directional,Singletons,hiv_wgs,Completed,74261154,74261154,10791563,10791563,2
RUMINA_8_threads.directional_2_None,hiv_bwa.bam,4.318359375,102.42815208435059,directional,Strict,hiv_wgs,Completed,74261154,74261154,4024262,4024262,2
RUMINA_8_threads.acyclic_2_None,hiv_bwa.bam,4.4466552734375,99.71012592315674,acyclic,Strict,hiv_wgs,Completed,74261154,74261154,4025745,4025745,2
